PRAGMA defer_foreign_keys=TRUE;
CREATE TABLE users (
  id TEXT PRIMARY KEY,
  email TEXT UNIQUE NOT NULL,
  password TEXT NOT NULL,
  name TEXT NOT NULL,
  role TEXT NOT NULL DEFAULT 'user', -- 'admin', 'user', 'guest'
  created_at INTEGER NOT NULL,
  updated_at INTEGER NOT NULL
);
INSERT INTO "users" ("id","email","password","name","role","created_at","updated_at") VALUES('admin-123456','3172942140@qq.com','$2a$10$8oTb6VIfHXd5ZwdUaLuU5OPzE9VwdyBS47mKxhC8a25eexZtWWaL.','szhAo','admin',1742798219,1742798219);
INSERT INTO "users" ("id","email","password","name","role","created_at","updated_at") VALUES('b7abc0b9-a7d9-4647-bbe4-6086a5873478','3288584460@qq.com','$2a$10$qqyJP2biqlA/ERcpAkdBK.CJ9io5PvFSuSWMhulgvFQKk3EPaNA6G','leo','user',1742820687,1764893225);
INSERT INTO "users" ("id","email","password","name","role","created_at","updated_at") VALUES('ce84ae6e-dc59-4512-a2dd-81808de395cb','1683043366@qq.com','$2a$10$nadKtlRWfY9qfngcO2k7QO2vydUCsBGSWyvOHKp3zEdgvgSwqd3dG','欢','user',1742865125,1742865125);
INSERT INTO "users" ("id","email","password","name","role","created_at","updated_at") VALUES('cb29702d-c64f-4844-a760-104dd8adc01e','youshouhong@outlook.com','$2a$10$Xjpe/Rq3TLSZa/Pbaf3pv.n/dMtakXIjutjGdePa2OOCfHRWCscI6','鸿','user',1742866650,1742866650);
INSERT INTO "users" ("id","email","password","name","role","created_at","updated_at") VALUES('cca830a8-4eec-4163-9c46-91f2ee045052','s3172942140@2925.com','$2a$10$2pnjO.QBeE5/6DByPW0ubuGp7UeRL1xaXIYcxqKvtEVSbI2Z5.nKq','博主的小号','user',1743067283,1743067283);
INSERT INTO "users" ("id","email","password","name","role","created_at","updated_at") VALUES('2f2b18c0-2c52-4461-b623-01a5f281c9b7','3123925483@qq.com','$2a$10$V.z6Okkw7oVonwCW2TpId.lpaVDttKbJXDGsYdwO3mQk20OXcse0m','tll','user',1743104899,1743104899);
INSERT INTO "users" ("id","email","password","name","role","created_at","updated_at") VALUES('86f480b9-f7ff-44a7-aafa-a693eaa9e5bc','2339987864@qq.com','$2a$10$THdDPVhcqUxEQhxeHNJgPebT/oAgAKBzKcYKjeHtXrAVIDaRXTQ5G','她从来没爱过你','user',1743183805,1743183805);
INSERT INTO "users" ("id","email","password","name","role","created_at","updated_at") VALUES('e9c29a64-9baf-4450-9ef5-036cb3ea475c','893786805@qq.com','$2a$10$P1wLnOEfN0BbQnKjwvJUNuai1w/ELeTlHCBMWdBh7svtR1fKovjky','小新ovo','user',1744421842,1744421842);
INSERT INTO "users" ("id","email","password","name","role","created_at","updated_at") VALUES('a10fd481-2739-4f39-976e-7c9a2a5e1469','s3172942140+1@2925.com','$2a$10$.cLobflXZEyCgerA5XLbFOX7BPwKnNaovuy5.IiRsrBYa8irpmKjy','博主的测试账号','user',1744434223,1744434223);
INSERT INTO "users" ("id","email","password","name","role","created_at","updated_at") VALUES('a5d905bf-4163-4581-86ad-5bc24df98db0','774364431@qq.com','$2a$10$IX0mJ1BRJNwOiR34T296KebJjQvh0EYAEfW.rQ9sJIBfIiVc.oE3m','MeLon','user',1750284282,1750284282);
INSERT INTO "users" ("id","email","password","name","role","created_at","updated_at") VALUES('15bf0dfb-ab85-489b-8f98-4fdb126e697f','3159292725@qq.com','$2a$10$p5sOnzuOuOtCwwkZ4cpYG.UJtNVPUw4Ac0tUx.1jfVThubwM4JRM6','茶泡饭','user',1751809149,1751809149);
INSERT INTO "users" ("id","email","password","name","role","created_at","updated_at") VALUES('634c39af-93af-4655-8674-bb3bc637fa8f','1472295141@qq.com','$2a$10$1ODF/WXLvtYS8S3ZmQuIruTmMQf/C4iDaNHRPX33RSGVnLIMdc5Ru','r1ch','user',1762214026,1762214026);
INSERT INTO "users" ("id","email","password","name","role","created_at","updated_at") VALUES('668832ba-5749-4822-ad09-b05b10de4393','2420603891@qq.com','$2a$10$IebETNNKghFbhDUciLwv6.42doVpDbM1a92DBh/ZzwB.bIV90RK8C','67','user',1762217823,1762217823);
INSERT INTO "users" ("id","email","password","name","role","created_at","updated_at") VALUES('07fbd960-25e1-4d44-a9da-12ea09a79b09','gxl030922@gmail.com','$2a$10$KiwPD.dApzydiOwvIVXlkuWjvU//jH5rxYzbgCrIcb7w9UX55busC','gxl','user',1763400211,1763402111);
INSERT INTO "users" ("id","email","password","name","role","created_at","updated_at") VALUES('09f49956-9b13-40b1-bb99-f47b3e783e31','3347901682@qq.com','$2a$10$o0CBbaZXWxguP5LOOGi9dOEd1uJ8Qt4ZTGoCnGzAHHwG8y1pnB/se','一二三','user',1767245639,1767245639);
INSERT INTO "users" ("id","email","password","name","role","created_at","updated_at") VALUES('b3cf8a08-6419-413b-91fe-e4ed73d739bb','2071751121@qq.com','$2a$10$RITADiFKf2kEumIG9fuGr.NnEnSzQ0Bb.USDCpjNBZomi0WfQIwoy','Jccc','user',1767691224,1767691224);
INSERT INTO "users" ("id","email","password","name","role","created_at","updated_at") VALUES('16a23bfb-ffb3-493c-8cb3-9f5a1f054a79','2731299462@qq.com','$2a$10$m.XOp8eayuiNCC9O8exJ6uFWgZGmNJdm7v0c/I1IJRQ0sfVm0cezO','耿圣垚','user',1770985658,1770985658);
INSERT INTO "users" ("id","email","password","name","role","created_at","updated_at") VALUES('bd454f26-7ff3-4d1a-b65d-18702a6e0842','2825074795@QQ.COM','$2a$10$30HPYDwD1EZFLdgS/Xowy.6lxMfgjo8O9dMq75G9ukCOzUCOCzxRi','2825074795','user',1773498034,1773498034);
CREATE TABLE posts (
  id TEXT PRIMARY KEY,
  user_id TEXT NOT NULL,
  title TEXT NOT NULL,
  content TEXT NOT NULL,
  status TEXT NOT NULL DEFAULT 'draft', -- 'draft', 'published'
  created_at INTEGER NOT NULL,
  updated_at INTEGER NOT NULL,
  FOREIGN KEY (user_id) REFERENCES users(id)
);
INSERT INTO "posts" ("id","user_id","title","content","status","created_at","updated_at") VALUES('52153f91-1c0d-487f-83a8-b7eaf3429ac9','admin-123456','api文档',replace('# 个人博客后端系统文档\n\n这是一个使用Cloudflare Workers、R2存储和D1SQL数据库构建的个人博客后端API系统。\n\n## 技术栈\n\n- **Cloudflare Workers**: 无服务器函数运行环境\n- **Cloudflare D1SQL**: 基于SQLite的边缘数据库\n- **Cloudflare R2**: 对象存储服务（类似S3）\n- **Hono.js**: 轻量级Web框架\n- **JWT认证**: 用于用户身份验证\n- **bcryptjs**: 密码哈希处理\n\n## 已实现功能\n\n### 用户权限管理\n\n系统实现了三级权限结构：\n\n1. **管理员(Admin)**\n\n   - 发布、编辑和删除文章\n   - 上传图片和附件\n   - 管理用户角色\n   - 删除任何评论\n2. **注册用户(User)**\n\n   - 浏览所有已发布文章\n   - 发表评论\n   - 删除自己的评论\n   - 上传自己的文件\n3. **访客(Guest)**\n\n   - 浏览所有已发布文章\n   - 查看公开附件\n\n### 文章管理\n\n- 创建、发布、编辑和删除文章（仅管理员）\n- 文章状态管理（草稿、已发布）\n- 文章列表和详情查看（所有用户）\n\n### 评论系统\n\n- 查看特定文章的所有评论\n- 添加评论（需要登录）\n- 删除评论（只能删除自己的评论，管理员可删除任何评论）\n\n### 文件存储\n\n- 支持上传图片、视频和文档\n- 文件权限控制（公开/私有）\n- 文件与文章关联\n- 安全访问控制\n\n### 用户身份认证\n\n- 用户注册\n- 用户登录（JWT令牌）\n- 基于角色的访问控制\n\n## API接口说明\n\n### 请求头说明\n\n所有API请求都支持以下请求头：\n\n#### 通用请求头\n\n```http\nAccept: application/json\nContent-Type: application/json  // 对于POST/PUT请求\n```\n\n#### 认证请求头\n\n需要认证的接口都需要包含JWT令牌：\n\n```http\nAuthorization: Bearer <your-jwt-token>\n```\n\n#### CORS支持\n\nAPI支持跨域请求，允许以下请求头：\n\n```http\nAccess-Control-Allow-Origin: *\nAccess-Control-Allow-Methods: GET, POST, PUT, DELETE, OPTIONS\nAccess-Control-Allow-Headers: Content-Type, Authorization\nAccess-Control-Expose-Headers: Content-Length, Content-Type\nAccess-Control-Max-Age: 86400\n```\n\n### 认证相关\n\n#### 注册用户\n\n- **请求**: `POST /api/auth/register`\n- **权限**: 公开\n- **参数**:\n  ```json\n  {\n    "email": "用户邮箱",\n    "password": "密码",\n    "name": "用户名"\n  }\n  ```\n- **响应**:\n  ```json\n  {\n    "success": true,\n    "message": "User registered successfully"\n  }\n  ```\n- **说明**: 首次注册或使用与 `wrangler.toml`中配置的ADMIN_EMAIL相同的邮箱注册将获得管理员权限\n\n#### 用户登录\n\n- **请求**: `POST /api/auth/login`\n- **权限**: 公开\n- **参数**:\n  ```json\n  {\n    "email": "用户邮箱",\n    "password": "密码"\n  }\n  ```\n- **响应**:\n  ```json\n  {\n    "success": true,\n    "token": "JWT令牌",\n    "user": {\n      "id": "用户ID",\n      "email": "用户邮箱",\n      "name": "用户名",\n      "role": "角色(admin/user)"\n    }\n  }\n  ```\n\n### 文章相关\n\n#### 获取所有已发布文章\n\n- **请求**: `GET /api/posts`\n- **权限**: 公开\n- **请求头**:\n  ```http\n  Accept: application/json\n  Authorization: Bearer <your-jwt-token>  // 可选，用于获取更多信息\n  ```\n- **响应**: 文章列表\n\n#### 获取所有文章（管理员）\n\n- **请求**: `GET /api/admin/posts`\n- **权限**: 仅管理员\n- **请求头**:\n  ```http\n  Accept: application/json\n  Authorization: Bearer <your-jwt-token>  // 必需\n  ```\n- **响应**: 所有文章列表（包括草稿）\n- **说明**: 此端点返回所有文章，包括草稿状态的文章，仅管理员可访问\n\n#### 获取特定文章\n\n- **请求**: `GET /api/posts/:id`\n- **权限**: 公开/管理员\n- **请求头**:\n  ```http\n  Accept: application/json\n  Authorization: Bearer <your-jwt-token>  // 可选，管理员访问草稿必需\n  ```\n- **响应**: 文章详情\n- **说明**:\n  - 未登录用户或普通用户只能访问已发布的文章\n  - 管理员可以访问任何状态的文章（包括草稿）\n  - 如果要访问草稿文章，必须提供有效的管理员JWT令牌\n\n#### 创建文章\n\n- **请求**: `POST /api/posts`\n- **权限**: 仅管理员\n- **请求头**:\n  ```http\n  Content-Type: application/json\n  Accept: application/json\n  Authorization: Bearer <your-jwt-token>  // 必需\n  ```\n- **参数**:\n  ```json\n  {\n    "title": "文章标题",\n    "content": "文章内容",\n    "status": "draft/published"  // 可选，默认为 "draft"\n  }\n  ```\n- **响应**:\n  ```json\n  {\n    "success": true,\n    "message": "Post created successfully",\n    "post": {\n      "id": "文章ID",\n      "title": "文章标题",\n      "content": "文章内容",\n      "status": "draft/published",\n      "author_name": "作者名称",\n      "created_at": "创建时间",\n      "updated_at": "更新时间"\n    }\n  }\n  ```\n- **说明**:\n  - 如果不指定status，默认创建为草稿状态\n  - status参数必须是 "draft" 或 "published"\n  - 响应中会返回完整的文章信息\n\n#### 更新文章\n\n- **请求**: `PUT /api/posts/:id`\n- **权限**: 仅管理员\n- **请求头**:\n  ```http\n  Content-Type: application/json\n  Accept: application/json\n  Authorization: Bearer <your-jwt-token>  // 必需\n  ```\n- **参数**:\n  ```json\n  {\n    "title": "更新的标题",\n    "content": "更新的内容",\n    "status": "draft/published"  // 可选，必须是这两个值之一\n  }\n  ```\n- **响应**:\n  ```json\n  {\n    "success": true,\n    "message": "Post updated successfully",\n    "post": {\n      "id": "文章ID",\n      "title": "更新后的标题",\n      "content": "更新后的内容",\n      "status": "draft/published",\n      "author_name": "作者名称",\n      "created_at": "创建时间",\n      "updated_at": "更新时间"\n    }\n  }\n  ```\n- **说明**:\n  - 管理员可以更新任何状态的文章（包括草稿）\n  - 如果提供了status参数，必须是 "draft" 或 "published"\n  - 响应中会返回完整的更新后的文章信息\n  - 未提供的字段将保持原值不变\n\n#### 删除文章\n\n- **请求**: `DELETE /api/posts/:id`\n- **权限**: 仅管理员\n- **请求头**:\n  ```http\n  Accept: application/json\n  Authorization: Bearer <your-jwt-token>  // 必需\n  ```\n- **响应**:\n  ```json\n  {\n    "success": true,\n    "message": "Post deleted successfully"\n  }\n  ```\n- **说明**: 删除文章会同时删除相关的评论和文件\n\n### 评论相关\n\n#### 获取文章评论\n\n- **请求**: `GET /api/posts/:postId/comments`\n- **权限**: 公开\n- **请求头**:\n  ```http\n  Accept: application/json\n  Authorization: Bearer <your-jwt-token>  // 可选，用于获取更多信息\n  ```\n- **响应**: 评论列表\n\n#### 获取所有评论（管理员）\n\n- **请求**: `GET /api/admin/comments`\n- **权限**: 仅管理员\n- **请求头**:\n  ```http\n  Accept: application/json\n  Authorization: Bearer <your-jwt-token>  // 必需\n  ```\n- **响应**:\n  ```json\n  [\n    {\n      "id": "评论ID",\n      "post_id": "文章ID",\n      "user_id": "用户ID",\n      "content": "评论内容",\n      "created_at": "创建时间",\n      "updated_at": "更新时间",\n      "author_name": "评论作者名称",\n      "post_title": "文章标题"\n    }\n  ]\n  ```\n- **说明**:\n  - 返回所有评论，按时间倒序排列\n  - 包含评论作者名称和对应文章标题\n  - 需要管理员权限访问\n\n#### 添加评论\n\n- **请求**: `POST /api/posts/:postId/comments`\n- **权限**: 已登录用户\n- **请求头**:\n  ```http\n  Content-Type: application/json\n  Accept: application/json\n  Authorization: Bearer <your-jwt-token>  // 必需\n  ```\n- **参数**:\n  ```json\n  {\n    "content": "评论内容"\n  }\n  ```\n- **响应**:\n  ```json\n  {\n    "success": true,\n    "message": "Comment added successfully",\n    "commentId": "评论ID"\n  }\n  ```\n\n#### 删除评论\n\n- **请求**: `DELETE /api/comments/:id`\n- **权限**: 评论作者或管理员\n- **请求头**:\n  ```http\n  Accept: application/json\n  Authorization: Bearer <your-jwt-token>  // 必需\n  ```\n- **响应**:\n  ```json\n  {\n    "success": true,\n    "message": "Comment deleted successfully"\n  }\n  ```\n\n### 文件相关\n\n#### 获取文章的文件列表\n\n- **请求**: `GET /api/posts/:postId/files`\n- **权限**: 公开/管理员\n- **请求头**:\n  ```http\n  Accept: application/json\n  Authorization: Bearer <your-jwt-token>  // 可选，访问草稿文章的文件必需\n  ```\n- **响应**:\n  ```json\n  [\n    {\n      "id": "文件ID",\n      "user_id": "上传者ID",\n      "post_id": "文章ID",\n      "filename": "文件名",\n      "path": "存储路径",\n      "size": "文件大小（字节）",\n      "type": "文件类型（image/video/document）",\n      "created_at": "创建时间",\n      "uploader_name": "上传者名称"\n    }\n  ]\n  ```\n- **说明**:\n  - 返回指定文章关联的所有文件，按上传时间倒序排列\n  - 如果文章是已发布状态，任何人都可以访问其文件列表\n  - 如果文章是草稿状态，只有管理员可以访问其文件列表\n  - 需要提供有效的管理员JWT令牌才能访问草稿文章的文件\n\n#### 获取所有文件（管理员）\n\n- **请求**: `GET /api/admin/files`\n- **权限**: 仅管理员\n- **请求头**:\n  ```http\n  Accept: application/json\n  Authorization: Bearer <your-jwt-token>  // 必需\n  ```\n- **响应**:\n  ```json\n  [\n    {\n      "id": "文件ID",\n      "user_id": "上传者ID",\n      "post_id": "关联文章ID（如果有）",\n      "filename": "文件名",\n      "path": "存储路径",\n      "size": "文件大小（字节）",\n      "type": "文件类型（image/video/document）",\n      "created_at": "创建时间",\n      "uploader_name": "上传者名称",\n      "post_title": "关联文章标题（如果有）"\n    }\n  ]\n  ```\n- **说明**:\n  - 返回所有上传的文件，按上传时间倒序排列\n  - 包含上传者名称和关联文章标题（如果文件关联了文章）\n  - 需要管理员权限访问\n\n#### 上传文件\n\n- **请求**: `POST /api/upload`\n- **权限**: 已登录用户\n- **请求头**:\n  ```http\n  Authorization: Bearer <your-jwt-token>  // 必需\n  // 注意：这里不需要设置 Content-Type，因为使用 FormData\n  ```\n- **参数**: 表单数据，包含 `file`文件和可选的 `postId`\n- **响应**:\n  ```json\n  {\n    "success": true,\n    "message": "File uploaded successfully",\n    "fileId": "文件ID",\n    "url": "/api/files/文件ID"\n  }\n  ```\n\n#### 获取文件\n\n- **请求**: `GET /api/files/:id`\n- **权限**: 根据文件关联的文章状态决定\n- **请求头**:\n  ```http\n  Accept: application/json\n  Authorization: Bearer <your-jwt-token>  // 如果访问私有文件则必需\n  ```\n- **响应**: 文件内容（适当的Content-Type和Content-Disposition头）\n\n#### 删除文件\n\n- **请求**: `DELETE /api/files/:id`\n- **权限**: 文件上传者或管理员\n- **请求头**:\n  ```http\n  Accept: application/json\n  Authorization: Bearer <your-jwt-token>  // 必需\n  ```\n- **响应**:\n  ```json\n  {\n    "success": true,\n    "message": "File deleted successfully"\n  }\n  ```\n- **说明**:\n  - 只有文件的上传者或管理员可以删除文件\n  - 删除文件会同时从存储系统和数据库中移除\n  - 如果文件不存在或没有权限会返回相应的错误信息\n\n#### 更新文件关联的文章\n\n- **请求**: `PUT /api/files/:id/post`\n- **权限**: 仅管理员\n- **请求头**:\n  ```http\n  Content-Type: application/json\n  Accept: application/json\n  Authorization: Bearer <your-jwt-token>  // 必需\n  ```\n- **参数**:\n  ```json\n  {\n    "postId": "文章ID"  // 可选，不提供或设为null则取消关联\n  }\n  ```\n- **响应**:\n  ```json\n  {\n    "success": true,\n    "message": "文件关联/取消关联成功",\n    "file": {\n      "id": "文件ID",\n      "user_id": "上传者ID",\n      "post_id": "关联文章ID",\n      "filename": "文件名",\n      "path": "存储路径",\n      "size": "文件大小",\n      "type": "文件类型",\n      "created_at": "创建时间",\n      "uploader_name": "上传者名称",\n      "post_title": "关联文章标题"\n    }\n  }\n  ```\n- **说明**:\n  - 此接口用于修改文件与文章的关联关系\n  - 如果提供postId，会将文件关联到指定文章\n  - 如果不提供postId或设为null，会取消文件的文章关联\n  - 返回更新后的完整文件信息，包括上传者名称和关联文章标题\n\n### 标签管理\n\n#### 获取所有标签\n\n- **请求**: `GET /api/tags`\n- **权限**: 公开\n- **请求头**:\n  ```http\n  Accept: application/json\n  ```\n- **响应**:\n  ```json\n  [\n    {\n      "id": "标签ID",\n      "name": "标签名称",\n      "created_at": "创建时间",\n      "updated_at": "更新时间",\n      "post_count": "使用该标签的文章数量"\n    }\n  ]\n  ```\n- **说明**:\n  - 返回所有标签，按名称字母顺序排列\n  - 包含每个标签被使用的文章数量\n\n#### 创建标签\n\n- **请求**: `POST /api/tags`\n- **权限**: 仅管理员\n- **请求头**:\n  ```http\n  Content-Type: application/json\n  Accept: application/json\n  Authorization: Bearer <your-jwt-token>  // 必需\n  ```\n- **参数**:\n  ```json\n  {\n    "name": "标签名称"\n  }\n  ```\n- **响应**:\n  ```json\n  {\n    "success": true,\n    "message": "Tag created successfully",\n    "tag": {\n      "id": "标签ID",\n      "name": "标签名称",\n      "created_at": "创建时间",\n      "updated_at": "更新时间",\n      "post_count": 0\n    }\n  }\n  ```\n- **说明**:\n  - 标签名称必须唯一\n  - 新创建的标签初始文章数量为0\n\n#### 更新标签\n\n- **请求**: `PUT /api/tags/:id`\n- **权限**: 仅管理员\n- **请求头**:\n  ```http\n  Content-Type: application/json\n  Accept: application/json\n  Authorization: Bearer <your-jwt-token>  // 必需\n  ```\n- **参数**:\n  ```json\n  {\n    "name": "新的标签名称"\n  }\n  ```\n- **响应**:\n  ```json\n  {\n    "success": true,\n    "message": "Tag updated successfully"\n  }\n  ```\n- **说明**:\n  - 新的标签名称不能与其他标签重复\n  - 更新标签名称不会影响已关联的文章\n\n#### 删除标签\n\n- **请求**: `DELETE /api/tags/:id`\n- **权限**: 仅管理员\n- **请求头**:\n  ```http\n  Accept: application/json\n  Authorization: Bearer <your-jwt-token>  // 必需\n  ```\n- **响应**:\n  ```json\n  {\n    "success": true,\n    "message": "Tag deleted successfully"\n  }\n  ```\n- **说明**:\n  - 删除标签会自动解除与所有文章的关联\n  - 不会影响文章本身的内容\n\n#### 获取标签下的文章\n\n- **请求**: `GET /api/tags/:id/posts`\n- **权限**: 公开/管理员\n- **请求头**:\n  ```http\n  Accept: application/json\n  Authorization: Bearer <your-jwt-token>  // 可选，访问草稿必需\n  ```\n- **响应**: 文章列表\n- **说明**:\n  - 未登录用户或普通用户只能看到已发布的文章\n  - 管理员可以看到所有状态的文章\n  - 文章按创建时间倒序排列\n\n#### 更新文章标签\n\n- **请求**: `POST /api/posts/:id/tags`\n- **权限**: 仅管理员\n- **请求头**:\n  ```http\n  Content-Type: application/json\n  Accept: application/json\n  Authorization: Bearer <your-jwt-token>  // 必需\n  ```\n- **参数**:\n  ```json\n  {\n    "tagIds": ["标签ID1", "标签ID2", ...]\n  }\n  ```\n- **响应**:\n  ```json\n  {\n    "success": true,\n    "message": "Tags updated successfully"\n  }\n  ```\n- **说明**:\n  - 此操作会替换文章的所有标签\n  - 使用事务确保操作的原子性\n  - 如果任何标签ID无效，整个操作都会失败\n\n#### 获取文章的标签\n\n- **请求**: `GET /api/posts/:id/tags`\n- **权限**: 公开\n- **请求头**:\n  ```http\n  Accept: application/json\n  ```\n- **响应**:\n  ```json\n  [\n    {\n      "id": "标签ID",\n      "name": "标签名称",\n      "created_at": "创建时间",\n      "updated_at": "更新时间"\n    }\n  ]\n  ```\n- **说明**:\n  - 返回文章关联的所有标签\n  - 标签按名称字母顺序排列\n\n#### 获取所有文章的标签\n\n- **请求**: `GET /api/posts/all-tags`\n- **权限**: 公开/管理员\n- **请求头**:\n  ```http\n  Accept: application/json\n  Authorization: Bearer <your-jwt-token>  // 可选，访问草稿文章的标签必需\n  ```\n- **响应**:\n  ```json\n  {\n    "文章ID1": [\n      {\n        "id": "标签ID",\n        "name": "标签名称"\n      }\n    ],\n    "文章ID2": [\n      {\n        "id": "标签ID1",\n        "name": "标签名称1"\n      },\n      {\n        "id": "标签ID2",\n        "name": "标签名称2"\n      }\n    ]\n  }\n  ```\n- **说明**:\n  - 返回一个对象，键为文章ID，值为该文章的标签数组\n  - 未登录用户或普通用户只能看到已发布文章的标签\n  - 管理员可以看到所有文章（包括草稿）的标签\n  - 如果文章没有标签，对应的数组为空\n  - 文章按创建时间倒序排列\n\n### 留言管理\n\n#### 获取所有留言\n\n- **请求**: `GET /api/messages`\n- **权限**: 公开\n- **请求头**:\n  ```http\n  Accept: application/json\n  ```\n- **响应**:\n  ```json\n  [\n    {\n      "id": "留言ID",\n      "user_id": "用户ID",\n      "content": "留言内容",\n      "image_path": "图片路径（如果有）",\n      "created_at": "创建时间",\n      "updated_at": "更新时间",\n      "author_name": "作者名称"\n    }\n  ]\n  ```\n- **说明**:\n  - 返回所有留言，按时间倒序排列\n  - 包含留言作者名称\n  - 如果留言包含图片，image_path 字段会包含图片路径\n\n#### 创建留言\n\n- **请求**: `POST /api/messages`\n- **权限**: 需要登录\n- **请求头**:\n  ```http\n  Authorization: Bearer <your-jwt-token>  // 必需\n  // 注意：这里不需要设置 Content-Type，因为使用 FormData\n  ```\n- **参数**: 表单数据\n  - `content`: 留言内容（必需）\n  - `image`: 图片文件（可选）\n- **响应**:\n  ```json\n  {\n    "success": true,\n    "message": "Message created successfully",\n    "data": {\n      "id": "留言ID",\n      "user_id": "用户ID",\n      "content": "留言内容",\n      "image_path": "图片路径（如果有）",\n      "created_at": "创建时间",\n      "updated_at": "更新时间",\n      "author_name": "作者名称"\n    }\n  }\n  ```\n- **说明**:\n  - 需要用户登录才能创建留言\n  - 图片文件必须是图片类型（jpg、jpeg、png、gif、webp、svg）\n  - 图片会被存储在 R2 存储中\n  - 返回创建的留言完整信息，包括作者名称\n\n#### 删除留言\n\n- **请求**: `DELETE /api/messages/:id`\n- **权限**: 需要登录\n- **请求头**:\n  ```http\n  Accept: application/json\n  Authorization: Bearer <your-jwt-token>  // 必需\n  ```\n- **响应**:\n  ```json\n  {\n    "success": true,\n    "message": "Message deleted successfully"\n  }\n  ```\n- **说明**:\n  - 用户只能删除自己的留言\n  - 管理员可以删除任何留言\n  - 删除留言时会同时删除相关的图片文件\n\n#### 获取留言图片\n\n- **请求**: `GET /api/messages/:id/image`\n- **权限**: 公开\n- **响应**: 图片文件（适当的Content-Type和Content-Disposition头）\n- **说明**:\n  - 用于获取留言中上传的图片\n  - 如果留言没有图片或图片不存在，会返回404错误\n\n### 人机验证\n\n#### 验证 Turnstile Token\n\n- **请求**: `POST /api/verify-turnstile`\n- **权限**: 公开\n- **请求头**:\n\n  ```http\n  Content-Type: application/json\n  Accept: application/json\n  ```\n- **参数**:\n\n  ```json\n  {\n    "token": "Turnstile 验证令牌"\n  }\n  ```\n- **响应**:\n  成功时:\n\n  ```json\n  {\n    "success": true,\n    "message": "Verification successful"\n  }\n  ```\n\n  失败时:\n  ```json\n  {\n    "success": false,\n    "error": "Verification failed",\n    "details": ["错误详情"]\n  }\n  ```\n- **说明**:\n\n  - 用于验证 Cloudflare Turnstile 生成的令牌\n  - 验证成功时返回 success: true\n  - 验证失败时返回具体的错误信息\n  - 此接口会自动获取请求的 IP 地址用于验证\n\n### 用户管理\n\n#### 获取所有用户\n\n- **请求**: `GET /api/users`\n- **权限**: 仅管理员\n- **请求头**:\n  ```http\n  Accept: application/json\n  Authorization: Bearer <your-jwt-token>  // 必需\n  ```\n- **响应**: 用户列表（不包含密码）\n\n#### 更新用户角色\n\n- **请求**: `PUT /api/users/:id/role`\n- **权限**: 仅管理员\n- **请求头**:\n  ```http\n  Content-Type: application/json\n  Accept: application/json\n  Authorization: Bearer <your-jwt-token>  // 必需\n  ```\n- **参数**:\n  ```json\n  {\n    "role": "admin/user"\n  }\n  ```\n- **响应**:\n  ```json\n  {\n    "success": true,\n    "message": "User role updated successfully"\n  }\n  ```\n\n## 数据模型\n\n### 用户 (users)\n\n- `id`: 用户ID（主键）\n- `email`: 电子邮箱（唯一）\n- `password`: 密码（哈希存储）\n- `name`: 用户名\n- `role`: 角色（admin/user）','\n',char(10)),'published',1742803979,1743089022);
INSERT INTO "posts" ("id","user_id","title","content","status","created_at","updated_at") VALUES('3ed57291-0045-46cb-8eae-6aa228c19f72','admin-123456','博客重生记：从服务器宕机到Cloudflare永续方案',replace('# 博客重生记：从服务器宕机到 Cloudflare 永续方案\n\n## 🎯 事件背景\n\n原本托管的个人博客服务器意外宕机：\n\n- **到期时间**：[忘记具体日期]\n- **宕机原因**：\n  - 续费提醒邮件被归类为垃圾邮件\n  - 本人拖延症晚期 😅\n- **数据损失**：幸好有 X 月前的备份，但由于 Cloudflare Worker 只提供轻量化服务，许多依赖无法使用，不得不重写 😭\n\n## 🌩 新方案架构\nmermaid\ngraph LR\nA[本地 Markdown 写作] --> B[GitHub 仓库]\nB --> C[Cloudflare Pages]\nC --> D[全球 CDN 加速]\n\n## 💭 感想\n\n之前的博客真的很完美，但是... 😭\n![](https://api.szhaovo.cn/api/files/bc436900-bf75-4a7f-9927-08cb3af21c0c)\n> 通过这次经历，让我意识到了数据备份和自动化运维的重要性。新的架构虽然需要重新适应，但能够提供更稳定和可靠的服务。','\n',char(10)),'published',1742859451,1743089042);
INSERT INTO "posts" ("id","user_id","title","content","status","created_at","updated_at") VALUES('db7bbf7e-3152-4ebe-9bc0-025406064a60','admin-123456','欢迎来到我的个人博客：探索与分享的数字小窝',replace('# 欢迎来到我的个人博客：探索与分享的数字小窝\n\n![博客封面图](https://api.szhaovo.cn/api/files/44a65ccd-354a-4867-904d-ce25d83ae92d) <!-- 替换为你的封面图链接 -->\n\n\n## 📌 博客简介\n\n*「szh–blog」* 是一个专注于[技术/生活/设计/旅行等]领域的原创内容平台。这里既是我的数字笔记本，也是与志同道合者交流的思想客厅。通过每周更新的深度长文，希望与读者共同构建有价值的[知识库/灵感源泉/解决方案集]。\n\n\n## 🗂️ 内容地图\n\n### 1. 技术专栏\n\n- **开发手札**：全栈开发中的实战经验  \n- **工具宝典**：提升效率的DevTools指南  \n- **架构沉思录**：分布式系统设计实践  \n\n\n### 2. 生活实验室\n\n- **数字游民指南**：远程工作最佳实践  \n- **效率革命**：Notion+Obsidian工作流  \n- **科技人文**：技术演进中的社会学观察  \n\n\n### 3. 创客空间\n\n- **DIY项目集**：树莓派/Arduino创意实现  \n- **开源项目志**：从构思到发布的完整历程  \n- **硬件黑客笔记**：智能家居改造实录','\n',char(10)),'published',1742946198,1743101436);
INSERT INTO "posts" ("id","user_id","title","content","status","created_at","updated_at") VALUES('b3aa3c8e-608c-4c65-90e5-9f2d37d7efde','admin-123456','程序员的浪漫：代码与人生的优雅韵律',replace('# 程序员的浪漫：代码与人生的优雅韵律\n\n> 当编程遇见诗意，代码不再冰冷。这里收录了一些将编程概念与人生哲理相结合的浪漫比喻。\n\n## 序言\n\n程序员的世界不只有 0 和 1，还有诗意的栖息之所。当我们用优雅的编程概念解读生活，会发现技术与人性之间存在着奇妙的联系。每一行代码都是一个故事，每个函数都是一首诗，让我们一起探索这个充满智慧与浪漫的世界。\n\n## 生命的代码片段\n\n### 关于初始化\n\n> "如果你的心房始终未被敲响，  \n> 那么一定是你的监听器（Listener）还没有订阅对的那个事件。"\n\n### 关于理想\n\n> "如果你的梦想总是模糊不清，  \n> 那么一定是你的抽象类（Abstract Class）还未被完美实现。"\n\n### 关于生命节奏\n\n> "如果你的生命看似混沌无序，  \n> 那么一定是你的生命周期（Lifecycle）还未找到正确的节奏。"\n\n### 关于倾诉\n\n> "如果你的心事无人倾听，  \n> 那么一定是你的消息队列（Message Queue）还未遇到对的订阅者。"\n\n### 关于生活态度\n\n> "如果你的生活失去了色彩，  \n> 那么一定是你的渲染器（Renderer）忘记了设置调色板。"\n\n### 关于表达\n\n> "如果你的故事始终没有人懂，  \n> 那么一定是你的序列化（Serialization）方式需要改变。"\n\n### 关于内心平静\n\n> "如果你的心灵总是不得安宁，  \n> 那么一定是你的垃圾回收（Garbage Collection）未能及时执行。"\n\n### 关于人生方向\n\n> "如果你的前路看似迷茫，  \n> 那么一定是你的寻路算法（Pathfinding）还未找到最优解。"\n\n### 关于开放\n\n> "如果你的心门难以打开，  \n> 那么一定是你的访问权限（Access Permission）设置得过于严格。"\n\n### 关于惊喜\n\n> "如果你的生活缺少惊喜，  \n> 那么一定是你的随机函数（Random）的种子始终未变。"\n\n### 关于成长\n\n> "如果你的故事始终单调，  \n> 那么一定是你的生命递归（Recursion）深度不够。"\n\n### 关于心动\n\n> "如果你的心海始终波澜不惊，  \n> 那么一定是你的事件触发器（Event Trigger）还未遇到对的瞬间。"\n\n## 第一章：编程概念的生活诠释\n\n### 1.1 递归与目标\n\n> "如果你的学习很困难，  \n> 那么一定是你的递归没有写好返回条件。"\n\n**程序员小张的故事：**  \n小张是一位执着的程序员，他总是想把每个项目都做到最完美。一个简单的网页，他要反复优化，永远觉得不够好。直到有一天，他的导师告诉他："你知道为什么递归需要返回条件吗？因为没有边界的追求，只会让程序崩溃。人生也是如此，要学会给自己设定合理的目标，知道何时该停下来。"\n\n## 第二章：优雅的生命代码\n\n### 2.1 关于心灵\n\n**异步的相遇：**  \n这是发生在硅谷的一个真实故事。两位程序员在同一个公司工作了三年，却始终只是点头之交。直到有一天，他们在代码review中发现彼此都写了几乎相同的事件监听逻辑。\n\n正如事件监听需要正确的订阅，缘分也需要恰当的时机。\n\n## 第三章：代码的人生智慧\n\n### 3.1 调试人生\n\n**最难的Bug：**  \n一个团队遇到了一个棘手的线上问题，所有人都束手无策。这时，一位安静的程序员说："也许我们应该像debug一样，先停下来，设置断点，一步步看清楚问题的本质。"\n\n## 第四章：编程模式中的人生智慧\n\n### 4.1 单例模式与自我\n\n> "如果你总是迷失自我，  \n> 那么一定是你的单例模式（Singleton）实现得不够好。"\n\n**独一无二的价值：**  \n小李是一个总是模仿他人的年轻程序员。直到有一天，他在实现单例模式时突然顿悟：就像系统中只需要一个实例一样，每个人也都是独一无二的存在。\n\n## 第五章：异常处理与人生态度\n\n### 5.1 优雅的错误处理\n\n> "如果你总是惧怕失败，  \n> 那么一定是你的异常处理（Exception Handling）还不够优雅。"\n\n**失败的艺术：**  \n资深程序员王老师常说："好的代码不是没有异常，而是知道如何优雅地处理异常。"\n\n## 第六章：并发人生\n\n### 6.1 多线程与平衡\n\n> "如果你的生活一团糟，  \n> 那么一定是你的线程调度（Thread Scheduling）出了问题。"\n\n**平衡的艺术：**  \n一位工作狂程序员经常加班到深夜，直到他理解了线程调度的原理：过度占用资源不仅不会提高效率，反而会导致系统崩溃。\n\n## 第七章：重构人生\n\n### 7.1 代码重构与自我提升\n\n> "如果你的生活一成不变，  \n> 那么一定是你太久没有重构（Refactor）自己。"\n\n**涅槃重生：**  \n一位程序员在工作十年后感到倦怠，直到他参与了一个大型重构项目。\n\n## 结语\n\n在这个数字化的时代，我们不只是代码的书写者，  \n更是生命诗篇的创作者。\n\n---\n\n*注：本文献给所有怀着诗心的程序员，愿你们在代码的世界里找到属于自己的浪漫。*','\n',char(10)),'published',1742946841,1743101427);
INSERT INTO "posts" ("id","user_id","title","content","status","created_at","updated_at") VALUES('3f2850c0-283a-49fa-9436-a78ca68fe673','admin-123456','我的宝泉冒险日记',replace('# 我成功挑战了366米！河南宝泉悬崖蹦极全记录  \n![](https://api.szhaovo.cn/api/files/7e307a23-f1b8-47f3-b8ba-16aa4e746322)\n---\n\n## 🎯 **为什么选择宝泉蹦极？**  \n2025年3月26日，我站上了中国最高的悬崖蹦极点——**河南宝泉366米高空**。  \n脚下的峡谷深邃如墨，山风呼啸而过，心跳声几乎盖过一切。但那一刻，我告诉自己：  \n**“要么征服恐惧，要么被恐惧征服。”**  \n\n---\n![](https://api.szhaovo.cn/api/files/974f77c2-c364-4eb3-8457-2d9f5d53be2b)\n## 🪂 **那纵身一跃的60秒**  \n- **自由落体的窒息感**：身体下坠的瞬间，时间仿佛静止，耳边只剩风声。  \n- **回弹时的清醒**：当绳索拉回高空，眼前是宝泉的壮丽山河——云海翻涌，山泉如练。  \n- **触底后的狂喜**：落地时双腿发软，但内心沸腾：“我做到了！”  \n\n---\n\n## 💡 **这次挑战教会我的事**  \n1. **恐惧是成长的催化剂**：站在边缘时的颤抖，最终化为了突破自我的力量。  \n2. **数字背后的意义**：366米不仅是高度，更是人生刻度上的一次勇敢标记。  \n3. **你比想象中强大**：当退无可退时，潜能才会彻底爆发。  \n\n---\n\n## 📍 **挑战信息**  \n- **地点**：河南宝泉景区（辉县木溪展览区）  \n- **高度**：366米（相当于120层楼！）  \n- **我的编号**：第03071位挑战者  \n\n---\n\n**“真正的勇敢，是带着恐惧前行。”**  \n希望我的经历能给你一点冲向未知的勇气！如果你也想去宝泉蹦极，留言交流吧～  \n\n> 本文同步发布于[我的冒险日记]博客栏目 🌟','\n',char(10)),'published',1743060242,1743101418);
INSERT INTO "posts" ("id","user_id","title","content","status","created_at","updated_at") VALUES('42a9de6c-0135-4f0f-a25c-5bf9bc890a1b','admin-123456','deepseek锐评我的网易云歌单',replace('---  \n### **🎵 从电音信徒到情绪调酒师：你的音乐人格正在「分裂式进化」**  \n你的年度歌单像一本未完成的情绪日记，**治愈系电音内核**与**午夜emo情歌**反复横跳，2024年更以中文歌突破性入侵，暴露出「多巴胺依赖型」音乐人格——既渴望电子脉冲的颅内高潮，又沉溺于孤独患者的自我拉扯。  \n\n**🎧 音乐人格画像**：  \n- **50% 电音信徒**（ILLENIUM式Melodic Dubstep中毒者）  \n- **30% 时空穿梭者**（用中文说唱+80年代复古合成器解构现实）  \n- **20% 深夜哲学家**（在Adele的钢琴声与纯音乐里完成情绪脱壳）  \n\n**🌟 年度特殊现象**：  \n2024年中文歌占比**暴涨300%**，法老的说唱宇宙与林达浪的emo情话形成魔性对冲，暗示现实社交场景正在发生隐秘革命。  \n\n---  \n### **⏳ 趋势分析：你的音乐DNA进化时间线**  \n**2020「空白实验期」**→ **2021「电音觉醒」**（ILLENIUM初登场🔥）→ **2022「情绪分裂元年」**（电子/情歌比例首次1:1⚖️）→ **2023「全球化撤退」**（英语纯度达峰值📈）→ **2024「母语反扑」**（中英文歌首次共存🌏）  \n\n**📊 多维度解析**  \n| 维度        | 趋势描述（2019→2024）                          | 关键拐点     |  \n|-------------|-----------------------------------------------|-------------|  \n| **语言比例** | 纯英语🌍 → 英语+中文杂交🌏（2024中文占30%↑↑） | 2024        |  \n| **情绪光谱** | 治愈电子🌀 → 致郁情歌💔（深夜emo浓度年增15%） | 2022        |  \n| **流派迁徙** | Future Bass→Melodic Dubstep→赛博国风🦾        | 2024        |  \n| **歌手忠诚** | ILLENIUM连续4年霸榜👑 vs Justin Bieber单次闪现💨 | 持续进化中  |  \n\n---  \n### **📸 趣味数据看板**  \n| 魔性指标         | 2024数据                | 历史对比            |  \n|------------------|-------------------------|---------------------|  \n| **emo浓度**      | 😭x7首（创历史新高↑37%）| 2021仅3首↓          |  \n| **时空错乱值**   | 80年代+赛博朋克混搭🌀   | 首次突破次元壁🔥    |  \n| **歌手后宫规模** | 👥18组艺人（含4组新人） | 较2020扩大9倍🚀     |  \n| **单曲轮回指数** | Fractures连庄4年♻️      | 电音界「不老传奇」🎇|  \n\n---  \n### **🎉 数据彩蛋：连算法都惊呆的隐藏剧情**  \n1. **冬夏悖论**：冬季神曲《this is what winter feels like》与夏日回忆《Remember Our Summer》在2023-2024跨季共存，疑似开启**气候对冲听歌模式**❄️☀️  \n2. **跨时空CP**：Justin Bieber在《Peaches》和《STAY》中反复横跳，像极了你对前任的「量子纠缠态」👻  \n3. **宿命单曲**：《Fractures》连续四年精准卡位年度歌单，堪称你的**灵魂BGM**——建议ILLENIUM给你颁终身成就奖🏆  \n4. **平行宇宙**：2020年出现的《Remember Our Summer》在2023年二次返场，疑似触发「曼德拉效应」🌀  \n\n---  \n**🔮 预测实验室**：按此轨迹，2025年或将出现**AI古风赛博朋克**杂交流派，并诞生首支中英日三语分裂式情歌——记得提前准备好你的耳膜👂✨\n\n## 📀 年度歌单全记录（2020-2024）\n\n### 🎯 2024\n- double take - Dhruv\n- 星空叙爱曲 - 法老,阿达娃 🔥 中文说唱新势力\n- this is what winter feels like - JVKE ❄️\n- Episode 33（纯音乐） - ZsFlovexl\n- Peaches - Justin Bieber,Daniel Caesar,Giveon 🍑\n- 还是会想你 - 林达浪,h3R3 💔\n- TRUE - Yoari\n- I Really Want to Stay At Your House - Rosa Walton,Hallie Coggins 🎮\n- Fractures - ILLENIUM,Nevve ♻️ 四连冠\n- Running Up That Hill (A Deal With God) - Kate Bush 🌌\n\n### 🕶️ 2023\n- Fool For You - KASTRA\n- Easy On Me - Adele 🎹\n- Million Days - SABAI,Hoang,Claire Ridgely\n- Remember Our Summer - FrogMonster ☀️\n- I''ll Be Waiting... - Pearl\n- L.I.F.E. - Remady,Manu-L\n- Fractures - ILLENIUM,Nevve 🏆\n- Floating (feat. Khalid) [filous Remix] - Alina Baraz,Khalid,filous 🌀\n- PLAY - Ricii Lompeurs,Ticia\n- Into You - Matisse & Sadko,Hanne Mjøen\n\n### 🌪️ 2022\n- End Of The Night - Danny Avila 🌃\n- Fractures - ILLENIUM/Nevve\n- Fool For You - KASTRA\n- In The Shadow Of The Sun - Professor Green ☀️\n- Million Days - Sabai/Hoang/Claire Ridgely\n- Into You - Matisse & Sadko/Hanne Mjøen\n- Normal No More - TYSM\n- Light It Up - Robin Hustin/TobiMorrow/Jex 💥\n- So Far Away - Martin Garrix/David Guetta/Jamie Scott/Romy Dya\n- Let Me Love You - DJ Snake/Justin Bieber 🐍\n\n### 🌀 2021\n- Love Story - Taylor Swift 🎻\n- Little Do You Know - Campsite Dream\n- Into You - Matisse & Sadko/Hanne Mjøen\n- Apologize - Besomorph/Anthony Keyrouz/Lunis\n- Shots (Broiler Remix) - Imagine Dragons/Broiler 🔫\n- STAY - The Kid LAROI/Justin Bieber 🛌\n- End Of The Night - Danny Avila\n- Fractures - ILLENIUM/Nevve\n- Love Is Gone (Acoustic) - SLANDER/Dylan Matthew\n- Pump It Up (Radio Edit) - Danko\n\n### 🌱 2020\n- My 22 (Inst.) - 逆时针向 🎹\n- Remember Our Summer - FrogMonster 🌻\n\n---\n\n#### 📌 数据注释\n1. **♻️ 轮回金曲**：Fractures (ILLENIUM) 连续四年上榜\n2. **🌏 跨国组合**：Matisse & Sadko合作曲目横跨三年\n3. **🎮 文化符号**：2024年出现《赛博朋克2077》插曲\n4. **👥 艺人复现**：Justin Bieber/Danny Avila/FrogMonster均2次登场','\n',char(10)),'published',1743066741,1760129870);
INSERT INTO "posts" ("id","user_id","title","content","status","created_at","updated_at") VALUES('b3b29ea7-b438-4828-932e-d95fd5173344','b7abc0b9-a7d9-4647-bbe4-6086a5873478','以防你不知道deepseek对我的歌单的锐评',replace('---  \n### **你的网易云年度报告总结：在时光裂缝中调频的「情感声呐探测仪」**  \n#### **音乐品味解读**  \n你的2024歌单是华语流行女声的「黄金年代复刻盘」，既有千禧年代经典情歌（如《七月七日晴》《爱你》），又有新生代力量感作品（如《倒数》《暮色回响》）。你偏爱**强叙事性旋律**与**女性情感爆发力**——张韶涵的高音撕裂感、邓紫棋的节奏穿透力、By2的甜涩青春气息在你的播放列表里达成微妙平衡，像一场「深夜emo与自我治愈交替播放」的声学实验。  \n\n#### **音乐人格画像**  \n你大概率是**「表面理性社畜，内心剧场女王」**型人格：  \n- 通勤耳机里循环《倒数》给自己打鸡血，深夜单曲《最后一页》时秒变琼瑶剧女主；  \n- 对“带我走”“喜欢你”“如果的事”等祈使句歌词毫无抵抗力，暴露隐秘的浪漫主义诉求；  \n- 能精准识别20年前冷门神曲（致敬《七月七日晴》考古学家行为）。  \n\n#### **年度特殊现象**  \n**「时空折叠追星术」**：一边拥抱张韶涵2024年新专主打《暮色回响》，一边重温她与范玮琪2006年合唱的《如果的事》（互联网考古级曲目），完成对歌手职业生涯的跨纬度观测。  \n\n---\n\n### **趣味数据看板**  \n| 维度名称        | 数据呈现                  | 灵魂吐槽                  |  \n|-----------------|--------------------------|--------------------------|  \n| **年度最烫嘴歌词** | 《倒数》"时针一直倒数着..." | 成功让36%的跟唱者咬到舌头 |  \n| **单曲循环预警**   | 《最后一页》凌晨2点播放峰值 | 建议网易云联动纸巾品牌分红 |  \n| **歌手浓度榜**     | 邓紫棋/张韶涵/By2（各占2席） | 2024华语三巨头の隐秘对决 |  \n| **年代穿越指数**   | 2003→2024（横跨21年）      | 歌单年龄比实习生还大      |  \n\n---\n\n### **数据彩蛋**  \n1. **「By2 钉子户」**：对比你2021-2023歌单，By2每年稳定上榜，堪称电子宠物级长情；  \n2. **「晴雨表级emo曲」**：《七月七日晴》播放次数与阴雨天呈现82%正相关；  \n3. **「反矫情暗器」**：《红色高跟鞋》全年救场257次，有效中和过度抒情危险。  \n\n---  \n**结语**：当AI试图用算法解构你的音乐灵魂，却发现你早已在时光裂缝中自成宇宙——敬2025年继续在BGM里平行时空跳跃的你。\n\n## 🎵 2024年度歌单（千禧年华语情歌复兴特辑）\n\n### 🌸 经典女声专场\n1. **如果的事** - 范玮琪,张韶涵 👯♀️ 时代姐妹花合体  \n2. **暮色回响** - 张韶涵 🌆 影视OST质感  \n3. **七月七日晴** - 许慧欣 ☀️ 夏日暴风雪回忆杀  \n4. **我知道** - By2 🦋 双生少女音  \n5. **最后一页** - 江语晨 📖 青春疼痛文学BGM  \n6. **爱你** - By2 💖 甜心暴击2.0  \n7. **带我走** - 杨丞琳 🚕 都市逃亡进行曲  \n8. **喜欢你** - G.E.M.邓紫棋 💘 爆破式告白  \n9. **倒数** - G.E.M.邓紫棋 ⏳ 末日浪漫主义  \n10. **红色高跟鞋** - 蔡健雅 👠 爵士灵魂暴走  \n\n---\n\n#### 📌 数据密码\n🎭 **艺人浓度**  \n- 张韶涵（双杀：合唱+独唱）  \n- By2/邓紫棋（各占双席位）  \n\n⏳ **时空属性**  \n- 7/10为2000年代经典曲目新版  \n- 3首2020年代新作延续千禧年曲风  \n\n💎 **特别发现**  \n- 全员华语女声阵容（含3组女子组合）  \n- 「红色高跟鞋」作为唯一非情歌闯入者  \n- 歌单平均「甜度」超标（含4首粉色系恋爱主题）','\n',char(10)),'published',1743068048,1743089243);
INSERT INTO "posts" ("id","user_id","title","content","status","created_at","updated_at") VALUES('aaa2fad5-e6da-4cf3-82e7-f814932893cc','admin-123456','比起干篇一律的冷静瞄准，更迷恋子弹假空时，那道撕裂理性的璀璨孤光',replace('# 🎮 高光时刻 | 这是你从未见过的操作盛宴！🔥\n\n---\n\n\n> 💡 **观看小贴士**  \n> 戴上耳机感受音画同步的暴击  \n> 全屏食用效果更佳  \n> 建议提前备好降压药（⚠️高能预警）\n\n---','\n',char(10)),'published',1744193337,1746067098);
INSERT INTO "posts" ("id","user_id","title","content","status","created_at","updated_at") VALUES('e502ce05-63ad-4abf-bed0-6ad1371fc489','admin-123456','实时聊天功能上线啦！',replace('# 实时聊天功能上线啦！\n![](https://api.szhaovo.cn/api/files/3eaac6f0-2f43-48b4-bf00-7d179f34aa86)\n\n## 功能介绍\n\n我们很高兴地宣布，博客现在新增了实时聊天功能！这个功能允许登录用户进行实时交流，让我们的社区更具互动性。\n\n### 主要特点\n\n1. **实时通讯**\n   - 基于 WebSocket 技术\n   - 消息即时传递\n   - 连接状态实时显示\n\n2. **用户标识**\n   - 管理员使用特殊头像（宇智波pdx）\n   - 普通用户显示昵称首字母头像\n   - 清晰的消息发送者标识\n\n3. **界面设计**\n   - 响应式布局，完美支持移动端\n   - 简洁现代的气泡对话框\n   - 优雅的动画效果\n\n4. **可靠性保证**\n   - 自动重连机制\n   - 消息持久化存储\n   - 稳定的服务器支持\n\n## 使用指南\n\n### 如何开始聊天？\n\n1. 登录您的账号\n2. 点击导航栏中的"聊天"链接\n3. 在输入框中输入消息\n4. 点击发送或按回车键发送消息\n\n### 消息展示\n\n- 发送的消息显示在右侧（蓝绿渐变背景）\n- 接收的消息显示在左侧（白色背景）\n- 每条消息都包含：\n  - 发送者昵称\n  - 消息内容\n  - 发送时间\n\n### 特别说明\n\n- 管理员用户的头像将显示为特殊图片\n- 普通用户的头像将显示其昵称的第一个字符\n- 聊天记录会自动保存在服务器端\n\n## 技术特性\n\n1. **前端技术**\n   - WebSocket 实时通信\n   - 响应式设计\n   - CSS3 动画效果\n   - 现代化 UI 组件\n\n2. **后端支持**\n   - 消息持久化存储\n   - 用户认证\n   - 实时消息转发\n\n3. **可靠性设计**\n   - 断线自动重连\n   - 连接状态监控\n   - 错误处理机制\n\n## 未来计划\n\n我们计划在未来添加更多功能：\n\n- 私聊功能\n- 图片消息支持\n- 表情包功能\n- 消息搜索\n- 更多自定义设置\n\n## 反馈与建议\n\n如果您在使用过程中遇到任何问题，或有任何建议，欢迎通过以下方式反馈：\n\n- 在本文下方留言\n- 通过"关于"页面的联系方式\n- 在聊天室中直接反馈\n\n感谢大家的支持，让我们一起把这个社区建设得更好！\n\n---\n\n*注：本功能需要登录后才能使用，如果您还没有账号，欢迎注册成为我们社区的一员！*','\n',char(10)),'published',1744423572,1746067087);
INSERT INTO "posts" ("id","user_id","title","content","status","created_at","updated_at") VALUES('392f8619-c61a-44b4-a80f-189b7af3f777','admin-123456','太久没更新了，水一下博客','**这里什么都没有**','published',1750360858,1750360858);
INSERT INTO "posts" ("id","user_id","title","content","status","created_at","updated_at") VALUES('55d7f61e-be70-49a3-9c1b-0110ddf8ce96','admin-123456','童年回忆',replace('# 童年回忆\n\n## 2024年7月2日\n\n今夕是何年？从出生到现在已经过了18年半了……\n\n我依稀记得当初我的奶瓶藏在厨房储物柜下面的柜子里，我总是喜欢偷偷自己拿出来。我依稀记得我妈抱着我去到马路对面聊天，然后我嘴里含着奶瓶。也许是2008年，我终于开始了上学，小班上了半年不上了，因为我总哭。我幼儿园的插画课本应该还在老家废弃院子一个屋子里的桌子上，如果没人丢掉的话。后来去到另一个幼儿园上了，我记忆中不清楚去了几天，我妈后来告诉我就去了一天，因为那个幼儿园在我的记忆中只有一些玩的片段。2岁半我开始上了中班（这也许是我比起同届偏小的原因吧），对于中班的记忆似乎一点也没有了，然后正常升入了大班。大班的时候总是喜欢闹，经常被老师关进小黑屋（一个没人的房间）。记得当时玩蹦床的时候我还学着大人光着膀子被老师说😂，上课偷跑出去玩蹦床被老师喊回来，学校放电影老师让我坐在最后一排，我自己搬着凳子去到第一排，还喜欢去欺负比我小的小班学弟😂。记得大班的六一儿童节很隆重，记得有一个节目的歌是《我是女生》，然后我在台下说我是男生😂。\n\n也许是2010年，我从幼儿园去到了小学，因为当时的学前班在小学里。我记得学前班教室里的电视机刚好在我那一届没有了😡，依稀记得这时候已经开始学习数学、拼音了。我记得好像有一次需要背出来所有的拼音然后就能够自由活动。来到一年级后，终于有一些关于朋友的记忆了。我每次放学后都会跟着我妈去我姥姥家吃饭，我姥姥家在乡下，当初每到吃过晚饭都会和朋友们一起玩，然后傍晚再回到镇上，于是又和镇上的朋友玩。我二姨家离我家走路一分钟就能到，记得我姐经常带着我和我表弟玩，有一次我姐装鬼，我俩跑，我弟被门绊倒，还给头摔破了。我记得一年级的一次第一节下课，课间10分钟，这是我第一次摔破了头。当初每到下课就喜欢去办公室找我妈，记得有一次我妈不在，我猜她去了镇上的教育站，于是我从学校大门翻了出去，去到教育站，果然见到了我妈。现在还忘不掉我妈当时看到我的震惊，于是立刻给老师打电话，没过一会儿老师来接我了。回到学校刚进校门就看到，校长摆了张桌子坐在桌后，让我站在桌子前面教育我😢。\n\n之后我的日子似乎有了规律，在学校和学校的朋友玩，回家和家里的朋友一起玩。周二晚上跟着我妈住在学校。对于二年级，我依稀记得有一次体测，我在我们那一组的跑步中拿到了第一，然后还记得期末考试，我提前交了数学试卷考了100分，然后又提前交了语文试卷，考了91分，总分191😂。还记得二年级的六一儿童节表演，我第一次参加活动，好像是跳了一个舞蹈，但是我们的节目是啥忘记了，但是记得有一个班级跳了《江南style》😂。三年级，似乎每天的日子和往常相同，但这时候，每到周二我妈值日的时候，我都会混到五年级的班里上自习，然后就认识了很多五年级的人，每次下课他们都会带着我一起玩。依稀还记得其中几个人的名字，记得有一次周二晚上有个老师教我唱“ABCDEFG...XYZ, so easy...”，然后第二天非常自豪地告诉了我语文老师，然后就去到讲台表演😂。记得有一次我故意随便写数学卷子，考了27分，后来我妈又让我重新做，但也只考了79分。去帮班里搬学生奶还被校长问😨。记得三年级非常迷恋神奇宝贝卡，当时每到下课就会玩吹卡。还记得三年级有个转校生，刚来学校我就和他说话聊天，于是下课他就和我一起玩，记得是开学后第一次周二，我因为要留在学校于是没有放学排队，于是他也跟着我跑去玩，结果被老师叫去站队了😂，但是他的名字我却记不清了😔。三年级也是我第一次接触乒乓球的时候。\n\n四年级的记忆已经开始变得清晰了，班里陆续有了几个住校生了，于是周二下午放学后，我也能留在班里和班里的同学一起玩了。这时候我由于太喜欢说话，几乎每一天我都会被值日的人记名字，然后留在班里打扫卫生。我们的班在广播体操比赛里拿了学校的第一名。四年级我还跟着班里的两个同学成立了“三剑客”😂，根据喝的酸奶起的名字，后来有一个人想要加入被我们拒绝了。四年级最喜欢的游戏是大方格，每到下课就会去玩……\n\n## 2025年3月10日\n\n现在我已经19岁了，重新续写之前未完成的故事。五年级，我记得我是五年级一班的，那时我似乎很擅长数学，但是我真的喜欢数学吗？我不知道。数学考试每次我都能毫无意外地拿100分，每次考试我有独属于自己的座位。五年级升六年级时，我们去到我们当地的初中考的期末考试，当时我们作弊老师也装作没有看见，那个老师后来还教了我8年级地理。升入六年级后，我们道德与法治老师把我当成了很好的学生，后来发现我整天吊儿郎当的😂。\n\n## 2025年6月28日\n\n也许是之后的记忆越来越清晰的缘故，我很难再像描述小时候模糊记忆般寻找出一些有趣记忆深刻的事情描述。升入初中后，我的寒暑假就开始被我妈逼着预习下学期的内容，也许正是因为这个缘故，所以我很好地衔接到了初中。第一次英语考试月考考了113分（满分120），但是一旦在学校玩了几个月后，我的成绩又会变成一个中规中矩的模样。我记忆中的语文只有一次考了100分以上（104分），那是7年级的一次期中考试。7年级的数学老师是我们学校的心理咨询师老师，我们经常去心理咨询室打扫卫生。有一次老师让我们玩心理咨询室的沙盘，让我们随意创作，然后她来分析。经过我的一顿折腾后，她分析说我的目标混乱……也许这是真的，我似乎从没有真正的既定的目标。\n\n初中和我的同桌关系很好，我们经常一起画画，他还教我画佐助和写轮眼，怎么画我现在依旧记忆犹新。他说他学画画是为了画漫画，但是其实现在看来，我们都没有朝着预想的方向前进。后来我们闹了小矛盾，于是被调开了，但其实事后我们俩相视一笑，似乎都觉得荒唐，依旧整天下课一起厮混。7年级我的成绩很差，我们那小小的一个初中100多个人，而我的排名也是无限逼近三位数。\n\n后来升入了8年级，在开学之前我便已经得知了，我的班主任、语文老师都没有换。依稀记得8年级我开始不再那么热衷背诵英语短文，于是我肉眼可见地发现英语试题开始变得不是那么游刃有余。我上课早已近视看不到黑板，但是我并未在意。我似乎从来不会真正将未来的幻想化为动力，而只是永远留在梦里。我和朋友经常畅想未来，我告诉朋友我的目标就是以后去美国卖辣条😂。8年级似乎并没有太多新的实物、大的改变，一如既往。从小学到初中我的同学一直是那些，虽然有新来的、有转学的，我和他们也早已相识数年，但现在看来，其实很多也只是互相的过客。除了那些格外要好、和家里的朋友依旧联系紧密，那些曾经恨不得一直黏到一起的许多人似乎都由于分开太久被时间冲淡。\n\n8年级我的成绩不再是那么落后，虽然我并不觉得我真的努力了，但是我的成绩开始稳定，稳定在100多人的学生中30多名的地方。但依旧是一直鬼混，甚至因为一个文具盒，不去上学“离家出走”，虽然只有也许3个小时。我朝着我从未走过的小路一直走，但是我似乎知道总要往回般去，记着我转了几个弯，走了多远路。在路上碰到以为也许是学生的家长，他看到我一个学生模样的人在该上课的时候走在路上很是疑惑，而我却也只敢回答“我请假了”。后来认识到了自己的无理取闹，于是朝着归去的方向往回。我本想假装若无其事溜进校园，但却在校门口的下一个路口撞到了我妈。她看着我，我看着她，但是在她脸上我并没有看到愤怒，而也没有我所预想的腥风血雨，而只是简单的一句“走了怎么还自己回来了？……下次不要这样了”。于是我便回到了校园，而班主任看到我回来了，将我单独叫了出去，其实我早已意识到了我是多么荒唐，但是回到班里我依旧没羞没臊地跟同学炫耀我赌气跑了的“丰功伟绩”……','\n',char(10)),'draft',1751084560,1752157804);
INSERT INTO "posts" ("id","user_id","title","content","status","created_at","updated_at") VALUES('35bd8f47-e0b4-4235-b1ae-d8ff98759665','admin-123456','个人博客系统更新日志 v1.1.1',replace('# 个人博客系统更新日志 v1.1.1\n\n## 版本信息\n\n- **版本号**: v1.1.1\n- **发布日期**: 2025年7月10日\n- **更新类型**: 功能优化与新增\n\n## 更新概述\n\n本次更新主要包含两个重要功能：优化了标签文章数量统计功能，确保统计结果的准确性和一致性；新增了文章分页查询功能，提升用户浏览体验和系统性能。\n\n## 🔧 后端修改\n\n### 1. 标签API优化\n\n**文件**: `personal-blog-backend/src/index.js`\n\n**问题**: 获取标签列表时，`post_count` 字段包含了草稿状态的文章，导致统计不准确。\n\n**解决方案**:\n\n- 修改 `/api/tags` 接口的SQL查询逻辑\n- 使用条件计数只统计已发布状态的文章\n- 添加与posts表的关联查询\n\n**修改前**:\n\n```sql\nSELECT t.*, COUNT(pt.post_id) as post_count\nFROM tags t\nLEFT JOIN post_tags pt ON t.id = pt.tag_id\nGROUP BY t.id\nORDER BY t.name ASC\n```\n\n**修改后**:\n\n```sql\nSELECT t.*, COUNT(CASE WHEN p.status = ''published'' THEN pt.post_id END) as post_count\nFROM tags t\nLEFT JOIN post_tags pt ON t.id = pt.tag_id\nLEFT JOIN posts p ON pt.post_id = p.id\nGROUP BY t.id\nORDER BY t.name ASC\n```\n\n### 2. 文章分页查询功能\n\n**文件**: `personal-blog-backend/src/index.js`\n\n**新增功能**: 为文章列表API添加分页支持，提升大量文章时的加载性能。\n\n**实现细节**:\n\n- 在 `/api/posts` 接口中添加分页参数支持\n- 支持 `page` 和 `limit` 查询参数\n- 返回分页元数据（总数、总页数、是否有下一页等）\n- 在 `/api/admin/posts` 管理员接口中同样添加分页支持\n- 在 `/api/tags/:id/posts` 标签文章接口中添加分页支持\n\n**API响应格式**:\n\n```json\n{\n  "data": [...],\n  "pagination": {\n    "page": 1,\n    "limit": 10,\n    "total": 50,\n    "totalPages": 5,\n    "hasNext": true,\n    "hasPrev": false\n  }\n}\n```\n\n## 🎨 前端修改\n\n### 1. 主页标签统计修复\n\n**文件**: `个人博客前端_c/index.html`\n\n**问题**: "全部"标签的文章数量被硬编码为0，无法反映实际的文章总数。\n\n**解决方案**:\n\n- 在 `loadTags()` 函数中添加文章总数计算逻辑\n- 使用 `reduce` 方法累加所有标签的文章数量\n- 动态显示准确的文章总数\n\n**修改内容**:\n\n```javascript\n// 计算所有标签的文章总数\nconst totalPostCount = tags.reduce((sum, tag) => sum + tag.post_count, 0);\n\n// 显示实际的文章总数\n<span class="tag-count">${totalPostCount}</span>\n```\n\n### 2. 文章分页界面实现\n\n**文件**: `个人博客前端_c/index.html`\n\n**新增功能**: 实现前端分页组件和相关交互逻辑。\n\n**实现内容**:\n\n- 添加分页组件HTML结构和CSS样式\n- 实现 `displayPagination()` 函数生成分页按钮\n- 添加 `changePage()` 函数处理页面切换\n- 修改 `loadPosts()` 函数支持分页参数\n- 优化移动端分页显示效果\n- 添加页面跳转时的滚动到顶部功能\n\n**文件**: `个人博客前端_c/admin/dashboard.html`\n\n**管理后台分页**: 为管理后台的文章管理页面添加分页功能。\n\n**实现内容**:\n\n- 添加文章列表分页组件\n- 实现 `displayPostsPagination()` 和 `changePostsPage()` 函数\n- 保持编辑/删除操作后的当前页面状态\n- 优化大量文章时的管理体验\n\n## ✨ 功能改进\n\n### 1. 数据一致性\n\n- ✅ 后端API只统计已发布文章\n- ✅ 前端显示与后端统计保持一致\n- ✅ 排除草稿文章的干扰\n\n### 2. 用户体验\n\n- ✅ "全部"标签显示准确的文章总数\n- ✅ 各个标签的文章数量统计准确\n- ✅ 数据实时更新，无需手动刷新\n- ✅ 分页浏览，提升大量文章时的加载速度\n- ✅ 智能分页组件，支持页码跳转和省略号显示\n- ✅ 移动端友好的分页界面\n- ✅ 页面切换时自动滚动到顶部\n\n### 3. 性能优化\n\n- ✅ 分页查询减少数据库负载\n- ✅ 前端只渲染当前页面文章，提升渲染性能\n- ✅ 支持自定义每页显示数量\n- ✅ 优化大数据量场景下的用户体验\n\n### 4. 代码质量\n\n- ✅ 保持向后兼容性\n- ✅ 不影响现有功能\n- ✅ 代码逻辑清晰易维护\n- ✅ 统一的分页组件设计\n- ✅ 响应式设计适配各种设备\n\n## 🔍 影响范围\n\n### 受影响的页面\n\n- 主页标签区域和文章列表\n- 管理后台标签管理页面\n- 管理后台文章管理页面\n- 标签文章筛选页面\n- 所有调用文章列表API的组件\n\n### 受影响的功能\n\n- 标签文章数量显示\n- 文章筛选功能\n- 标签管理功能\n- 文章列表浏览功能\n- 文章搜索和分页功能\n\n## 🧪 测试验证\n\n### 验证项目\n\n**标签统计功能**:\n\n- [X] 后端API返回正确的文章数量\n- [X] 前端"全部"标签显示准确总数\n- [X] 各个标签的数量统计正确\n- [X] 草稿文章不被计入统计\n- [X] 标签筛选功能正常\n\n**分页查询功能**:\n\n- [X] 文章列表分页API正常工作\n- [X] 分页组件正确显示页码和导航\n- [X] 页面切换功能正常\n- [X] 分页元数据准确返回\n- [X] 管理后台分页功能正常\n- [X] 移动端分页界面适配良好\n- [X] 标签筛选与分页结合使用正常\n\n## 📝 技术细节\n\n### 数据库查询优化\n\n- 使用 `CASE WHEN` 条件计数\n- 添加必要的表关联\n- 保持查询性能\n- 实现高效的分页查询（LIMIT + OFFSET）\n- 优化COUNT查询获取总数\n\n### 前端计算逻辑\n\n- 使用函数式编程方法\n- 避免重复计算\n- 保持代码简洁\n- 实现智能分页组件算法\n- 状态管理优化（当前页、总页数等）\n\n### API设计\n\n- 统一的分页参数格式\n- 一致的响应数据结构\n- 向后兼容的API设计\n- 合理的默认分页大小设置\n\n## 🚀 部署说明\n\n### 部署步骤\n\n1. 更新后端代码（添加分页支持）\n2. 重新部署Cloudflare Workers\n3. 更新前端代码（添加分页组件）\n4. 更新管理后台代码\n5. 清除浏览器缓存\n6. 验证分页功能正常工作\n\n### 注意事项\n\n- 本次更新无需数据库结构变更\n- 无需用户数据迁移\n- 向后兼容，可安全部署\n\n## 📊 性能影响\n\n### 查询性能\n\n- 新增一个表关联，对性能影响微小\n- 查询结果更准确，用户体验提升\n- 分页查询显著减少数据传输量\n- 数据库查询效率提升（避免全表扫描）\n\n### 前端性能\n\n- 计算逻辑简单，性能影响可忽略\n- 减少了用户困惑，提升整体体验\n- 分页渲染减少DOM操作，提升页面响应速度\n- 减少内存占用，特别是在大量文章场景下\n\n### 网络性能\n\n- 减少单次请求的数据量\n- 提升首屏加载速度\n- 降低带宽消耗\n\n## 🔮 后续计划\n\n### 短期优化\n\n- [ ] 添加标签使用频率统计\n- [ ] 优化标签管理界面\n- [ ] 添加标签搜索功能\n- [ ] 实现文章搜索功能的分页\n- [ ] 添加每页显示数量的用户自定义选项\n- [ ] 优化分页组件的无障碍访问支持\n\n### 长期规划\n\n- [ ] 实现标签分类功能\n- [ ] 添加标签云展示\n- [ ] 支持标签别名功能\n- [ ] 实现虚拟滚动优化大列表性能\n- [ ] 添加文章预加载功能\n- [ ] 支持无限滚动模式\n\n---\n\n**开发者**: szhAo\n**更新时间**: 2025年7月10日\n**版本状态**: 已发布 ✅','\n',char(10)),'published',1752159088,1752159283);
INSERT INTO "posts" ("id","user_id","title","content","status","created_at","updated_at") VALUES('9da7258c-4d97-41bc-9e8a-69f2b858becc','admin-123456','第三方认证功能更新',replace('# szhAo博客系统更新日志 v1.1.2\n![](https://api.szhaovo.cn/api/files/48576902-f693-4fe0-86d4-1f32dc57bfb6)\n\n**发布日期**: 2025年7月11日\n**版本**: v1.1.2\n**更新类型**: 功能增强 & 界面优化\n\n---\n\n## 🎨 重大更新：墨韵OAuth认证系统\n\n### ✨ 新增功能\n\n#### 🔐 OAuth 2.0 身份认证系统\n\n- **完整的OAuth 2.0流程**: 实现标准的授权码模式认证\n- **第三方应用集成**: 支持外部应用通过szhAo博客账号进行身份验证\n- **安全令牌管理**: JWT访问令牌生成与验证机制\n- **用户授权确认**: 透明的权限授权流程\n\n#### 🎭 墨韵古风界面设计\n\n- **墨画主题**: 采用简约墨画风格，线条感十足的艺术设计\n- **古文文案**: 全面使用古典文言文表述，营造雅致氛围\n- **品牌标识**: 融入"szhAo"品牌元素，彰显个人特色\n- **响应式设计**: 完美适配各种设备屏幕\n\n#### 🛡️ 安全防护机制\n\n- **Turnstile人机验证**: 集成Cloudflare Turnstile防止机器人攻击\n- **CORS跨域保护**: 严格的来源验证机制\n- **密码安全**: bcrypt哈希加密存储\n- **会话管理**: 安全的用户会话控制\n\n### 🔧 技术特性\n\n#### 后端架构\n\n- **Cloudflare Workers**: 边缘计算平台部署\n- **D1数据库**: 轻量级SQLite数据库存储\n- **JWT令牌**: 无状态身份验证机制\n- **RESTful API**: 标准化接口设计\n\n#### 前端体验\n\n- **原生JavaScript**: 无框架依赖，轻量高效\n- **CSS3动画**: 流畅的交互动效\n- **毛玻璃效果**: 现代化视觉层次\n- **字体优化**: Google Fonts中文字体支持\n\n### 📋 API接口\n\n#### 认证端点\n\n```\nGET  /oauth/authorize  # 授权页面\nPOST /oauth/token      # 令牌交换\nPOST /oauth/verify     # 令牌验证\nPOST /login           # 用户登录\nPOST /consent         # 授权确认\n```\n\n#### 支持的OAuth流程\n\n1. **授权请求**: 重定向到认证页面\n2. **用户登录**: 墨韵风格登录界面\n3. **权限确认**: 古风授权确认页面\n4. **令牌交换**: 获取访问令牌\n5. **API调用**: 使用令牌访问受保护资源\n\n### 🎨 界面特色\n\n#### 墨画元素\n\n- **水墨笔触**: 动态SVG装饰元素\n- **禅意圆环**: 旋转动画效果\n- **渐变背景**: 墨色渐变视觉层次\n- **古典配色**: 黑白灰主色调\n\n#### 古文表述\n\n- **敬语使用**: 统一使用"君"作为敬语\n- **文言句式**: "此庭乃为...所设"等古典表达\n- **雅致用词**: "登庭"、"许可"、"谢绝"等古雅词汇\n- **意境营造**: 营造古典文化氛围\n\n### 🔒 安全考量\n\n#### 数据保护\n\n- **密码加密**: bcrypt安全哈希\n- **令牌签名**: JWT数字签名验证\n- **HTTPS传输**: 全程加密通信\n- **输入验证**: 严格的参数校验\n\n#### 防护机制\n\n- **CSRF防护**: 状态参数验证\n- **重放攻击**: 授权码一次性使用\n- **暴力破解**: 人机验证保护\n- **来源验证**: CORS策略控制\n\n### 📊 性能优化\n\n#### 代码优化\n\n- **调试信息清理**: 移除所有生产环境调试日志\n- **资源压缩**: CSS/JS代码优化\n- **缓存策略**: 静态资源缓存\n- **异步处理**: 非阻塞I/O操作\n\n#### 用户体验\n\n- **快速响应**: 边缘计算加速\n- **流畅动画**: 60fps动画效果\n- **即时反馈**: 实时状态提示\n- **错误处理**: 友好的错误信息\n\n### 🚀 部署信息\n\n- **平台**: Cloudflare Workers\n- **数据库**: Cloudflare D1\n- **CDN**: Cloudflare全球加速\n- **域名**: 自定义域名支持\n\n### 📝 使用说明\n\n#### 开发者集成\n\n1. 注册OAuth客户端应用\n2. 配置回调URL和权限范围\n3. 实现授权码流程\n4. 使用访问令牌调用API\n\n#### 用户体验\n\n1. 访问第三方应用\n2. 选择szhAo博客登录\n3. 在墨韵界面完成认证\n4. 确认应用权限\n5. 自动返回应用\n\n---\n\n## 🎯 未来规划\n\n- **多因素认证**: 支持2FA双重验证\n- **社交登录**: 集成更多第三方登录\n- **权限细化**: 更精细的权限控制\n- **审计日志**: 完整的操作记录\n- **移动端优化**: 原生移动应用支持\n\n---\n\n## 💝 致谢\n\n感谢所有用户的支持与反馈，szhAo博客将持续为大家提供更好的服务体验。墨韵OAuth认证系统的推出，标志着我们在技术创新和文化传承方面的又一次突破。\n\n**愿君在数字世界中，亦能感受古典文化之美。**\n\n---\n\n*szhAo*\n*2025年7月11日*','\n',char(10)),'published',1752261785,1752261908);
INSERT INTO "posts" ("id","user_id","title","content","status","created_at","updated_at") VALUES('6a805ebe-5f33-4042-8b00-c3e0aa146106','admin-123456','第三方认证集成指南',replace('# szhAo博客OAuth第三方集成指南\n\n## 📋 目录\n\n- [OAuth配置](#oauth配置)\n- [API端点说明](#api端点说明)\n- [集成步骤](#集成步骤)\n- [代码示例](#代码示例)\n- [常见问题](#常见问题)\n- [安全最佳实践](#安全最佳实践)\n\n---\n\n## ⚙️ OAuth配置\n\n### 🔑 OAuth配置参数\n\n```javascript\nconst config = {\n    serverUrl: ''https://auth.szhaovo.cn'',        // OAuth服务器地址\n    clientId: ''your_client_id'',                  // 申请获得的客户端标识\n    clientSecret: ''your_client_secret'',          // 申请获得的客户端密钥\n    redirectUri: ''https://yourapp.com/callback'', // 回调地址\n    scope: ''read''                                // 权限范围\n};\n```\n\n### 🔑 可用的测试客户端\n\n系统现已支持多个客户端配置，以下是可用的测试客户端：\n\n| 客户端ID                              | 客户端密钥                                           | 用途       |\n| ------------------------------------- | ---------------------------------------------------- | ---------- |\n| `id_1` | `id_1_skey` | 演示客户端 |\n| `id_2`                  | `id_2_skey`                             | 演示客户端 |\n| `id_3`                  | `id_3_skey`                             | 演示客户端 |\n\n### 📡 API端点说明\n\n| 端点                 | 方法 | 用途     | 说明                   |\n| -------------------- | ---- | -------- | ---------------------- |\n| `/oauth/authorize` | GET  | 授权页面 | 用户登录和授权确认     |\n| `/oauth/token`     | POST | 令牌交换 | 使用授权码获取访问令牌 |\n| `/oauth/verify`    | POST | 令牌验证 | 验证访问令牌有效性     |\n| `/oauth/userinfo`  | GET  | 用户信息 | 获取用户基本信息       |\n| `/login`           | POST | 用户登录 | 处理用户登录请求       |\n| `/consent`         | POST | 授权确认 | 处理用户授权确认       |\n\n---\n\n## 🔧 集成步骤\n\n### 1. 申请客户端凭据\n\n联系我(博客主)申请客户端ID和密钥：\n\n- 邮箱: auth@szhaovo.cn(3172942140@qq.com)\n- 提供应用名称、回调地址等信息\n\n### 2. 配置OAuth参数\n\n```javascript\nconst config = {\n    serverUrl: ''https://auth.szhaovo.cn'',\n    clientId: ''your_client_id'',           // 申请获得的客户端ID\n    clientSecret: ''your_client_secret'',   // 申请获得的客户端密钥\n    redirectUri: ''https://yourapp.com/callback'',\n    scope: ''read''\n};\n```\n\n### 3. 实现OAuth流程\n\n#### 步骤1：重定向到授权页面\n\n```javascript\nfunction redirectToAuth() {\n    const state = generateRandomState();\n    localStorage.setItem(''oauth_state'', state);\n  \n    const authUrl = new URL(`${config.serverUrl}/oauth/authorize`);\n    authUrl.searchParams.set(''client_id'', config.clientId);\n    authUrl.searchParams.set(''redirect_uri'', config.redirectUri);\n    authUrl.searchParams.set(''response_type'', ''code'');\n    authUrl.searchParams.set(''state'', state);\n    authUrl.searchParams.set(''scope'', config.scope);\n  \n    window.location.href = authUrl.toString();\n}\n```\n\n#### 步骤2：处理授权回调\n\n```javascript\nasync function handleCallback() {\n    const urlParams = new URLSearchParams(window.location.search);\n    const code = urlParams.get(''code'');\n    const state = urlParams.get(''state'');\n  \n    // 验证state参数\n    if (state !== localStorage.getItem(''oauth_state'')) {\n        throw new Error(''State参数验证失败'');\n    }\n  \n    if (code) {\n        const tokenData = await exchangeCodeForToken(code);\n        const userInfo = await getUserInfo(tokenData.access_token);\n        return { tokenData, userInfo };\n    }\n}\n```\n\n#### 步骤3：交换访问令牌\n\n```javascript\nasync function exchangeCodeForToken(code) {\n    const response = await fetch(`${config.serverUrl}/oauth/token`, {\n        method: ''POST'',\n        headers: { ''Content-Type'': ''application/json'' },\n        body: JSON.stringify({\n            grant_type: ''authorization_code'',\n            code: code,\n            client_id: config.clientId,\n            client_secret: config.clientSecret\n        })\n    });\n  \n    return await response.json();\n}\n```\n\n#### 步骤4：获取用户信息\n\n```javascript\nasync function getUserInfo(accessToken) {\n    const response = await fetch(`${config.serverUrl}/oauth/userinfo`, {\n        headers: { ''Authorization'': `Bearer ${accessToken}` }\n    });\n  \n    return await response.json();\n}\n```\n\n---\n\n## 💻 代码示例\n\n### 前端完整示例\n\n#### 1. 基础HTML结构\n\n```html\n<!DOCTYPE html>\n<html lang="zh-CN">\n<head>\n    <meta charset="UTF-8">\n    <title>OAuth 登录示例</title>\n</head>\n<body>\n    <button onclick="loginWithSzhAo()">使用szhAo博客登录</button>\n    <div id="userInfo"></div>\n  \n    <script src="oauth-client.js"></script>\n</body>\n</html>\n```\n\n#### 2. JavaScript客户端\n\n```javascript\nclass SzhAoOAuthClient {\n    constructor(config) {\n        this.config = config;\n    }\n  \n    // 生成授权URL\n    getAuthUrl() {\n        const state = this.generateState();\n        localStorage.setItem(''oauth_state'', state);\n    \n        const url = new URL(`${this.config.serverUrl}/oauth/authorize`);\n        url.searchParams.set(''client_id'', this.config.clientId);\n        url.searchParams.set(''redirect_uri'', this.config.redirectUri);\n        url.searchParams.set(''response_type'', ''code'');\n        url.searchParams.set(''state'', state);\n        url.searchParams.set(''scope'', this.config.scope);\n    \n        return url.toString();\n    }\n  \n    // 处理回调\n    async handleCallback() {\n        const urlParams = new URLSearchParams(window.location.search);\n        const code = urlParams.get(''code'');\n        const state = urlParams.get(''state'');\n    \n        // 验证状态参数\n        if (state !== localStorage.getItem(''oauth_state'')) {\n            throw new Error(''状态参数验证失败'');\n        }\n    \n        if (code) {\n            return await this.exchangeToken(code);\n        }\n    \n        throw new Error(''未收到授权码'');\n    }\n  \n    // 交换令牌\n    async exchangeToken(code) {\n        const response = await fetch(`${this.config.serverUrl}/oauth/token`, {\n            method: ''POST'',\n            headers: { ''Content-Type'': ''application/json'' },\n            body: JSON.stringify({\n                grant_type: ''authorization_code'',\n                code: code,\n                client_id: this.config.clientId,\n                client_secret: this.config.clientSecret\n            })\n        });\n    \n        return await response.json();\n    }\n  \n    // 获取用户信息\n    async getUserInfo(accessToken) {\n        const response = await fetch(`${this.config.serverUrl}/oauth/userinfo`, {\n            headers: { ''Authorization'': `Bearer ${accessToken}` }\n        });\n    \n        return await response.json();\n    }\n  \n    // 生成状态参数\n    generateState() {\n        return Math.random().toString(36).substring(2, 15) + \n               Math.random().toString(36).substring(2, 15);\n    }\n}\n\n// 使用示例\nconst oauthClient = new SzhAoOAuthClient({\n    serverUrl: ''https://auth.szhaovo.cn'',\n    clientId: ''your_client_id'',\n    clientSecret: ''your_client_secret'',\n    redirectUri: window.location.origin + ''/callback'',\n    scope: ''read''\n});\n\nfunction loginWithSzhAo() {\n    window.location.href = oauthClient.getAuthUrl();\n}\n```\n\n### 后端集成示例\n\n#### Node.js 示例\n\n```javascript\nconst express = require(''express'');\nconst axios = require(''axios'');\nconst app = express();\n\n// OAuth配置\nconst OAUTH_CONFIG = {\n    serverUrl: ''https://auth.szhaovo.cn'',\n    clientId: ''your_client_id'',\n    clientSecret: ''your_client_secret'',\n    redirectUri: ''https://yourapp.com/callback''\n};\n\n// 处理OAuth回调\napp.get(''/callback'', async (req, res) => {\n    const { code, state } = req.query;\n  \n    try {\n        // 交换访问令牌\n        const tokenResponse = await axios.post(`${OAUTH_CONFIG.serverUrl}/oauth/token`, {\n            grant_type: ''authorization_code'',\n            code: code,\n            client_id: OAUTH_CONFIG.clientId,\n            client_secret: OAUTH_CONFIG.clientSecret\n        });\n    \n        const { access_token } = tokenResponse.data;\n    \n        // 获取用户信息\n        const userResponse = await axios.get(`${OAUTH_CONFIG.serverUrl}/oauth/userinfo`, {\n            headers: { ''Authorization'': `Bearer ${access_token}` }\n        });\n    \n        const userInfo = userResponse.data;\n    \n        // 创建用户会话\n        req.session.user = userInfo;\n        req.session.accessToken = access_token;\n    \n        res.redirect(''/dashboard'');\n    } catch (error) {\n        res.status(400).json({ error: error.message });\n    }\n});\n\napp.listen(3000, () => {\n    console.log(''服务器运行在 http://localhost:3000'');\n});\n```\n\n---\n\n## ❓ 常见问题\n\n### Q1: 支持哪些权限范围？\n\n**A**: 当前支持的权限范围：\n\n- `read`: 读取用户基本信息\n- 未来将支持更多细粒度权限\n\n### Q2: 访问令牌的有效期是多长？\n\n**A**: 默认有效期为1小时（3600秒），可通过刷新令牌机制延长。\n\n### Q3: 如何处理令牌过期？\n\n**A**: 当API返回401状态码时，需要重新进行OAuth授权流程。\n\n### Q4: 是否支持HTTPS？\n\n**A**: 生产环境强烈建议使用HTTPS，确保数据传输安全。\n\n### Q5: 如何自定义回调地址？\n\n**A**: 在OAuth配置中设置 `redirectUri` 参数，确保与注册的回调地址一致。\n\n---\n\n## 🔒 安全最佳实践\n\n### 🛡️ 客户端安全\n\n1. **状态参数验证**: 始终验证state参数防止CSRF攻击\n2. **HTTPS传输**: 生产环境必须使用HTTPS\n3. **密钥保护**: 客户端密钥不得暴露在前端代码中\n4. **令牌存储**: 使用安全的存储方式（如HttpOnly Cookie）\n\n### 🔐 服务端安全\n\n1. **授权码一次性**: 授权码只能使用一次\n2. **令牌过期**: 设置合理的令牌过期时间\n3. **权限最小化**: 只请求必要的权限范围\n4. **日志审计**: 记录所有OAuth操作日志\n\n### 🚨 常见安全风险\n\n- **授权码泄露**: 确保回调URL使用HTTPS\n- **令牌劫持**: 实施适当的令牌保护机制\n- **重放攻击**: 使用状态参数和时间戳验证\n- **钓鱼攻击**: 验证授权服务器域名\n\n---\n\n## 📞 技术支持\n\n如有问题请联系：\n\n- **邮箱**: auth@szhaovo.cn(3172942140@qq.com)\n- **申请客户端凭据**: 提供应用名称、回调地址等信息\n\n---\n\n*最后更新: 2025年1月11日*\n*版本: v1.1.2*','\n',char(10)),'published',1752265285,1752265497);
INSERT INTO "posts" ("id","user_id","title","content","status","created_at","updated_at") VALUES('eb8a8f01-3345-4979-9118-7aaa03ef5015','admin-123456','claude锐评我的网易云歌单',replace('# 你的网易云年度报告总结：一个在EDM电音宇宙里越陷越深的"Fractures"收藏家\n\n## 🎧 音乐品味解读：从温柔治愈到电子迷幻的进化史\n\n你的音乐旅程是一部典型的**「从流行入坑到电子上头」**的编年史。2020-2021年还沉浸在Taylor Swift式的叙事流行和Imagine Dragons的主流摇滚中，到了2022年画风突变——EDM电音、Future Bass、Melodic House全面占领你的歌单。最有意思的是，你对某些歌曲有着近乎执念的忠诚：**《Fractures》连续三年霸榜**，堪称你的"音乐图腾"。\n\n**核心特征**：\n- **语言偏好**：95%英文曲库，仅2024年出现一首中文说唱（法老《星空叙爱曲》），说明你对华语乐坛保持着礼貌性距离\n- **情绪基调**：从早期的忧郁叙事（Little Do You Know）转向积极电子能量（Peaches, STAY），但始终保留一丝"伤感底色"\n- **制作人品味**：从主流大厂（Justin Bieber, Adele）逐渐转向独立电音制作人（ILLENIUM, SABAI, Matisse & Sadko）\n\n---\n\n## 📊 多年音乐喜好变化时间线\n\n```\n2020 【新手村】\n纯音乐启蒙 + 小众电音试水\n   ↓\n2021 【流行探索期】\nTaylor Swift领衔 → 主流EDM入门 → 开始收藏Fractures\n   ↓\n2022 【电音觉醒年】\n🔥 EDM全面爆发 → Future Bass深度挖掘 → Fractures第二次进榜\n   ↓\n2023 【风格成熟期】\nMelodic House主导 → 女声电音偏好形成 → Fractures第三次蝉联\n   ↓\n2024 【多元融合期】\n游戏原声(赛博朋克2077) + 80年代复古(Kate Bush) + 中文说唱破圈\n```\n\n---\n\n## 📈 趋势解析雷达图\n\n| 维度 | 2020-2021 | 2022-2023 | 2024 | 趋势 |\n|------|-----------|-----------|------|------|\n| 🌍 **语言分布** | 英文100% | 英文100% | 英文90% + 中文10% | ⬆️ 开始破圈 |\n| 🎭 **情绪指数** | 忧郁治愈70% | 能量释放60% | 复杂混合50% | ↗️ 越来越"拧巴" |\n| 🎵 **流派集中度** | 流行摇滚40% + 电音30% | 电音80% | 电音70% + 游戏原声20% | 🔄 电音王朝稳固 |\n| 🎤 **歌手忠诚度** | 无固定CP | ILLENIUM/Matisse忠粉 | 开始"见异思迁" | ⬇️ 探索欲上升 |\n| 🕰️ **曲风年代** | 2010s主流 | 2020s电音 | 1985+2020混搭 | 🌀 时空穿越模式 |\n\n---\n\n## 🎪 趣味数据看板\n\n### 🏆 你的音乐人格画像：**「赛博怀旧主义者」**\n\n**关键词**：电子脉冲 × 情感深井 × 游戏宅 × 单曲循环狂魔\n\n**人格特质**：\n- **收藏癖晚期**：连续3年把《Fractures》写进年度歌单，这首歌到底欠你多少情债？\n- **游戏音乐觉醒**：2024年出现《I Really Want to Stay At Your House》（赛博朋克2077 ED）和《Episode 33》纯音乐，暴露了你的"云玩家"or"真玩家"身份\n- **复古滤镜突然上线**：Kate Bush的《Running Up That Hill》（1985年神曲，因《怪奇物语》翻红）表明你开始吃"怀旧饭"\n- **说唱试探期**：法老×阿达娃的《星空叙爱曲》是你5年来唯一的中文歌，这波"回国"操作很谨慎\n\n---\n\n## 💎 数据彩蛋挖掘\n\n### 🔍 洞察01：三年霸榜的《Fractures》之谜\n这首ILLENIUM的Future Bass神曲连续出现在2021-2023年度歌单，堪称你的"音乐初恋"。Nevve空灵的女声 + 破碎玻璃般的Drop设计，完美契合你"伤感电音"的审美基因。**彩蛋问题**：2024年它突然消失了，是腻了还是终于走出来了？\n\n### 🔍 洞察02：Justin Bieber的"双面派"存在\n2021年《STAY》（ft. The Kid LAROI）、2022年《Let Me Love You》（DJ Snake remix）、2024年《Peaches》——比伯以不同形态三次进榜，从合作到独唱，你对他是"真爱粉"还是"路人缘"？\n\n### 🔍 洞察03：2020年的"断层式开局"\n2020年只有2首歌？要么是网易云刚开始用，要么那年听歌靠"随机播放"躺平。这个极简主义开局反而让后续的爆发式增长更有戏剧性。\n\n### 🔍 洞察04：女声电音偏好形成史\n从2023年开始，女声电音明显增多：Hanne Mjøen、Claire Ridgely、Rosa Walton、Yoari……你显然更喜欢用女性声线来承载电子音乐的情感张力，这和主流"男声说唱电音"形成反差。\n\n### 🔍 洞察05：2024年的"杂食性突变"\n游戏OST + 80年代复古摇滚 + 中文说唱 + Future Bass，2024年是你音乐品味最多元的一年。这要么是"审美疲劳后的主动求变"，要么是"短视频投喂导致的被动扩列"。\n\n---\n\n## 🎯 终极点评\n\n你的音乐旅程像一场**从地面到赛博空间的单程票**：起点是主流流行的安全区，终点是独立电音的迷幻森林，中途还顺手捡了几张"时空车票"（复古神曲+游戏音乐）。如果用一句话总结，那就是：\n\n> **"一个在BPM 128的电子脉冲里，用《Fractures》的碎片拼凑情感废墟，偶尔用Kate Bush穿越回1985年，再被法老拉回华语次元的矛盾综合体。"**\n\n**预测2025**：要么彻底投降Hyperpop/Glitchcore等实验电音，要么来一波"回归民谣"的大反转。毕竟，一个能把《Running Up That Hill》和《Peaches》同时塞进歌单的人，什么都干得出来。🎪','\n',char(10)),'published',1760129525,1760129858);
INSERT INTO "posts" ("id","user_id","title","content","status","created_at","updated_at") VALUES('48aa8398-3640-4bae-83f2-cdf780bdcf01','admin-123456','Grok锐评我的网易云歌单',replace('你的网易云年度报告总结：电子脉动下的浪漫游侠\n\n从2020到2024，你的音乐品味像一部电子交响诗，核心是英文电子和流行曲风的律动，偶尔点缀instrumental的静谧和中文的叙事张力——这解读出你对节奏感强、情感释放型歌曲的偏好，仿佛在快节奏生活中寻求心灵的“Fractures”。音乐人格画像：你是个内向却激情四射的游侠型听众，忠诚于熟悉的旋律（如ILLENIUM的忠实粉），但又勇于探索新领域，从纯电子到融入hip-hop和经典摇滚，体现出怀旧与前卫的平衡。年度特殊现象：2024年突现中文歌曲占比激增（20%），像“星空叙爱曲”和“还是会想你”这样的本土叙事，暗示你可能在这一年开启了文化融合之旅；同时，“Fractures”连续四年霸榜，堪称你的音乐“守护神”。\n\n### 趋势分析模块\n\n#### 时间轴对比：多年音乐喜好变化\n2020: 纯instrumental起步（My 22 Inst.）→电子夏日回忆（Remember Our Summer）  \n→ 2021: 流行电子混搭爆发（Taylor Swift乡村风+Justin Bieber流行）→声学情感深度（Love Is Gone Acoustic）  \n→ 2022: 电子巅峰期（Martin Garrix等DJ主导）→hip-hop边缘试探（Professor Green）  \n→ 2023: remix与合作盛行（filous Remix等）→夏日轻松延续（Million Days重复）  \n→ 2024: 多元融合高峰（Kate Bush经典摇滚+中文hip-hop）→冬日情绪反思（this is what winter feels like）\n\n这个时间线展示你的喜好从简约instrumental起步，逐步向电子主导演变，到2024年迎来语言和流派的“爆炸式”多样化，像从单声道升级到环绕立体声。\n\n#### 多维度解析\n- **语言比例变化**：早期（2020-2022）几乎100%英文+instrumental，体现纯西式浸润；2023年仍以英文为主，但remix引入微妙多样；2024年中文占比跃升至20%（星空叙爱曲、还是会想你），instrumental（如Episode 33）回归，整体趋势是从单一英文→中英混搭，暗示你可能在生活或旅行中接触更多亚洲文化。\n- **听歌情绪变化**：2020-2021偏向积极向上与浪漫（Remember Our Summer、Love Story），中和些许忧伤（Love Is Gone Acoustic）；2022-2023转向励志能量爆棚（Light It Up、PLAY），像健身BGM；2024年情绪更复杂，混入冬日忧郁（this is what winter feels like）和怀旧反思（Running Up That Hill），整体从纯正能量→情感多层叠加，反映心情的“季节轮转”。\n- **听歌流派趋势**：电子音乐一骑绝尘，占比超60%（ILLENIUM、Martin Garrix等主导），流行/R&B次之（Justin Bieber系列）；2024年新增hip-hop（法老）和摇滚（Kate Bush），趋势是从电子垄断→流派扩散，未来可能向indie或world music倾斜。\n- **歌手忠诚度**：ILLENIUM（Fractures重复4年）忠诚度最高，堪称“终身伴侣”；Justin Bieber系（Peaches、Let Me Love You、STAY）跨年3次；Matisse & Sadko（Into You）3年连刷；整体忠诚度中高，重复率约30%，显示你对“老朋友”的依赖，但2024年新面孔（如JVKE、Yoari）增多，暗示探索欲增强。\n\n### 趣味数据看板\n\n| 创意维度 | 关键数据 | 表情&趋势 |\n|----------|----------|----------|\n| 最“黏人”歌曲 | Fractures (ILLENIUM)：连续4年上榜，播放“永不过期” | 🔥 ↑↑ (忠诚度爆表) |\n| 电子音乐帝国 | 占比65%+，从2020的50%涨到2023的80%，2024微降至60% | ⚡ ↓ (巅峰后小幅多元) |\n| Justin Bieber瘾 | 3首歌跨3年，Peaches等像你的“甜蜜负担” | 🍑 ↑ (流行偶像依赖) |\n| 中文入侵指数 | 2024年20%，前四年0%，如星空叙爱曲的“文化突袭” | 🌟 ↑↑ (新大陆开拓) |\n| 情绪温度计 | 从2021的温暖浪漫→2024的冬日凉意，平均“温度”从75°降到60° | ❄️ ↓ (渐趋反思) |\n\n### 数据彩蛋\n- **Bieber宇宙连接**：你的歌单里Justin Bieber不只solo，还通过合作（Peaches、STAY、Let Me Love You）串联3年，巧合的是，这些歌都带“爱”主题，像隐形的情感线索链。\n- **夏日永恒循环**：Remember Our Summer从2020跳到2023，又在Million Days中变奏（类似夏日 vibe），暗示你对“夏日回忆”的执着——或许每年夏天都重温？\n- **纯音乐双子星**：2020的My 22 (Inst.) 和2024的Episode 33，像书挡般框住五年，占比虽低（<10%），但象征你偶尔需要“无词禅修”来平衡电子轰炸。\n- **remix魔力**：2023年remix歌占比30%（filous Remix等），比其他年高出2倍，彩蛋是这可能反映你对“旧歌新唱”的热爱，像DJ版的人生重启。','\n',char(10)),'published',1760129888,1760129888);
INSERT INTO "posts" ("id","user_id","title","content","status","created_at","updated_at") VALUES('97f771e3-71d9-4f85-bc82-54104b8a6668','admin-123456','sxxxzh 自定义背景工具',replace('# sxxxzh 自定义背景工具\n![](https://api.szhaovo.cn/api/files/ac68345d-0dff-4d1b-9757-abc816cfd3ee)\n## 概述\n\nsxxxzh 自定义背景工具是一款轻量级的桌面美化工具，能够在指定应用程序窗口后方显示自定义背景图片，支持多种图像调整参数，让您的应用程序界面更加个性化。\n\n## 功能特点\n\n- 🖼️ **自定义背景** - 为特定应用程序窗口添加背景图片\n- ⚙️ **图像调节** - 支持透明度、亮度、对比度和饱和度调节\n- 🔄 **实时监测** - 自动监测目标应用程序窗口状态\n- 🚀 **轻量高效** - 系统托盘运行，资源占用低\n- 🔧 **灵活配置** - 基于 JSON 的配置文件，支持多目标设置\n\n## 系统要求\n\n- Windows 操作系统\n- .NET Framework 4.5 或更高版本\n\n## 安装与使用\n\n1. 下载并解压程序文件\n2. 编辑配置文件 `config.json`\n3. 运行主程序 `sxxxzh_background_tool.exe`\n4. 程序将出现在系统托盘区域\n\n## 配置说明\n\n### 配置文件格式\n\n```json\n{\n    "enabled": true,\n    "scan_interval": 3,\n    "targets": [\n        {\n            "name": "Weixin",\n            "keywords": [\n                "Weixin.exe",\n                "Weixin"\n            ],\n            "image_path": "background.png",\n            "alpha": 40,\n            "brightness": 1.0,\n            "contrast": 1.0,\n            "saturation": 1.0\n        }\n    ]\n}\n```\n\n### 参数详解\n\n- **enabled** (布尔值): 工具总开关\n- **scan_interval** (整数): 扫描间隔（秒），值越小响应越快，CPU占用越高\n- **targets** (数组): 目标应用程序配置列表\n\n#### 目标应用程序配置\n\n- **name** (字符串): 应用程序标识名称\n- **keywords** (字符串数组): 用于识别应用程序窗口的关键字\n- **image_path** (字符串): 背景图片相对路径\n- **alpha** (整数): 透明度 (0-100)\n- **brightness** (浮点数): 亮度调节系数\n- **contrast** (浮点数): 对比度调节系数\n- **saturation** (浮点数): 饱和度调节系数\n\n## 托盘菜单功能\n\n- **退出程序** - 完全关闭应用程序\n- **设置开机自启** - 配置程序随系统启动\n- **隐藏托盘** - 隐藏系统托盘图标（可通过快捷键重新显示）\n\n## 使用技巧\n\n1. **图片选择**: 建议使用与目标应用程序窗口尺寸相近的图片以获得最佳效果\n2. **性能平衡**: 根据实际需求调整扫描间隔，平衡响应速度与资源占用\n3. **多目标配置**: 可以为不同的应用程序配置不同的背景和效果\n\n## 注意事项\n\n- 请确保配置的图片文件路径正确\n- 修改配置文件后需要重启程序生效\n- 某些安全软件可能会误报，请添加信任\n\n## 技术支持\n\n如遇问题，请检查：\n\n1. 配置文件格式是否正确\n2. 背景图片文件是否存在\n3. 目标应用程序是否正在运行\n4. 有些程序由于渲染技术不能正常挂载背景 现已知如下：Steam ，Typora ，windows 终端 等\n\n---\n\n**作者**: sxxxzh  \n**版权所有** © sxxxzh\n\n*最后更新: 2025年10月19*','\n',char(10)),'published',1760836409,1760841271);
INSERT INTO "posts" ("id","user_id","title","content","status","created_at","updated_at") VALUES('7c0a03da-ea3d-487a-b05c-d45f2bae42ec','admin-123456','我的博客游戏网站',replace('# 🚀 惊喜上线！我的新游戏网站 SzhaovoGame 正式发布！\n\n大家好！我非常激动地宣布，我的全新个人游戏网站 **SzhaovoGame** 已经正式上线了！🎉\n\n这个网站汇集了一些经典、耐玩的小游戏，旨在为大家提供一个放松身心、随时随地挑战自我的小天地。更重要的是，我们集成了第三方博客登录和强大的云端排行榜功能，让你的每一次挑战都充满社交乐趣和竞技激情！\n\n---\n\n## 🕹️ 两款精选游戏，即刻开玩！\n\nSzhaovoGame 首批为大家带来了两款广受欢迎、机制简单的经典游戏：\n\n### 1. 🔢 2048：数字合并的魅力\n\n这是一款经典的数字益智游戏。通过滑动方块，将相同的数字合并，目标是达到 **2048** 这个终极数字块！它考验你的策略和远见，是打发时间的绝佳选择。\n\n> **挑战**：看看你能否在我的排行榜上创造新高？\n\n### 2. 🐦 Clumsy Bird：魔性虐心挑战\n\n作为经典 Flappy Bird 的克隆版，Clumsy Bird 将带来熟悉的、让人又爱又恨的虐心体验。控制小鸟穿过障碍物，每一次点击都是对你反应速度和耐心的考验。\n\n> **记住**：失败是成功之母，但在这款游戏里，失败是常态！\n\n---\n\n## 🔗 集成登录，开启社交竞技新体验\n\n作为一款深度集成的平台，我们特别强调了用户体验和社区互动：\n\n### 🌟 第三方登录：无缝衔接你的博客身份\n\n网站完美集成了我的博客第三方登录系统。你无需注册新的账户，只需使用你现有的博客身份即可快速登录。登录后，你将立即解锁完整的社交功能，享受无缝的游戏体验！\n\n### 🏆 Cloudflare D1 排行榜：为荣誉而战！\n\n我们引入了基于 Cloudflare Workers 认证和 D1 数据库构建的实时排行榜系统。每一次游戏，无论是 2048 的最高分数，还是 Clumsy Bird 的最佳成绩，都会实时上报并计入排行榜。\n\n- **实时分数上报**：记录你的“当前分数”和“历史最佳”。\n- **全球排行榜**：查看所有玩家的排名，向顶尖高手发起挑战。\n\n登录，即意味着你拥有了一个专属的竞技身份，快来争夺第一名的宝座吧！\n\n---\n\n## 📢 邀请你来体验！\n\nSzhaovoGame 是一个正在不断完善中的项目。我们致力于提供更多有趣的小游戏和更流畅的平台体验。\n\n我们诚挚地邀请你来体验、登录，并留下你的分数！如果你在游玩过程中遇到任何问题，或对游戏、功能有任何建议，欢迎随时在我的博客或社交媒体上留言。\n\n**网站地址**：<https://game.szhaovo.cn>\n\n让我们在数字和飞鸟的世界里一较高下！不见不散！','\n',char(10)),'published',1762311712,1762311782);
INSERT INTO "posts" ("id","user_id","title","content","status","created_at","updated_at") VALUES('95d8cbff-b1c9-4dbc-a779-09f89d8b3e3e','admin-123456','Android 博客 App 新功能介绍与使用指南',replace('# Android 博客 App 新功能介绍与使用指南\n\n面向终端用户的完整说明文档，用于展示本版本的主要能力与新增特性。\n\n## 应用概览\n- 单 Activity + Jetpack Compose 架构，界面轻量、流畅\n- 底部导航包含：主页、待办、聊天、更多、设置\n- 支持登录/注册、文章浏览与评论、附件下载与预览、待办与评论树、内嵌聊天、版本更新检测\n\n## 主要功能\n- 文章列表与详情\n  - 标签筛选、分页加载、空态与错误态提示\n  - 文章详情支持 Markdown 内容展示、标签徽章、评论区\n- 文件与媒体\n  - 图片、视频附件预览与下载\n  - 流媒体视频预览，支持全屏与手势操作\n- 评论互动\n  - 文章评论发布\n  - 待办评论树形展示，支持回复与@提及、智能补全\n- 待办系统（远端 + 本地）\n  - 远端待办：搜索、状态筛选、分页加载、详情弹窗\n  - 本地待办：快速创建、编辑标题、状态切换、删除与持久化\n- 内嵌聊天（H5）\n  - 公聊与私聊模式、在线用户列表、输入中提示、历史消息加载\n  - 图片与视频消息上传（移动端优化，支持压缩与占位符）\n- 版本管理与更新\n  - 设置页显示当前版本，支持检查更新与一键下载安装\n  - 兼容强制更新场景\n\n## 本次更新亮点\n- 增强的文章详情页\n  - 内容区采用增强型 Markdown 渲染，支持标题层级、代码块点击复制、表格、列表、引用、链接识别\n  - 附件分区：页首图片/视频预览区 + 底部附件列表区，动画过渡更自然\n  - 登录状态联动：未登录可快捷跳转登录；已登录支持一键复制正文\n- 媒体能力升级\n  - 新增流媒体视频预览组件：支持播放状态切换、加载与错误提示、双击全屏、全屏下双指缩放/拖动\n- 待办体验全面增强\n  - 远端待办：搜索、状态筛选（待办/进行中/已完成）、分页\n  - 本地待办：轻量化卡片、快速编辑、状态切换、创建与删除，数据本地持久化\n  - 评论区支持树形展开/收起、@提及的智能候选与自动补全\n- 聊天页面（墨聊）\n  - 像素水墨风 UI，支持公聊与私聊、在线用户列表与私聊切换\n  - 输入中（typing）指示、历史消息分段加载、消息置顶条\n  - 图片/视频消息上传：移动端图片自动压缩、失败反馈与本地占位符替换\n- 版本更新与分发\n  - 设置页可检查更新；若为强制更新会自动触发下载\n  - 下载完成后引导安装新版 APK\n\n## 使用指南\n- 登录/注册\n  - 主页右上角可登录；注册成功后返回登录\n- 浏览文章\n  - 首页标签栏选择需查看的分类，支持分页加载\n  - 点击文章卡片进入详情，支持复制正文、预览图片/视频、下载附件、查看评论\n- 评论互动\n  - 登录后可在详情页发表评论\n  - 待办详情弹窗内可直接回复评论，支持@提及并智能提示\n- 待办管理\n  - 博主待办：按状态筛选、搜索、分页浏览\n  - 我的待办：快速添加本地待办、编辑标题、切换状态、删除\n- 媒体与文件\n  - 在文章详情页预览图片/视频；点击“下载”保存到系统下载目录下的 `PersonalBlog` 子目录\n  - 视频支持双击全屏、全屏下缩放与拖动\n- 聊天功能\n  - 底部导航切换至“聊天”，可进入墨聊公聊或选择在线用户进行私聊\n  - 支持发送文本、图片、视频消息，断线后自动重连并恢复状态\n- 检查更新\n  - 底部导航切换至“设置”，点击“检查更新”\n  - 若检测到新版本可选择更新；强制更新场景会自动下载并引导安装\n\n## 视觉与交互\n- 全面基于 Material 3，统一的卡片、按钮与分隔样式\n- 列表、卡片与对话框支持更细腻的动效与层次\n- 深色/浅色配色与文本对比优化，阅读更舒适\n\n## 媒体与文件能力\n- 附件类型识别：根据 MIME 决定展示卡片样式\n- 图像异步加载与错误兜底，视频占位图标与详情信息（大小/时长）\n- 文件下载统一管理：系统通知、媒体扫描、下载状态查询\n\n## 待办与评论能力\n- 状态/优先级可视化：卡片背景与徽章颜色区分\n- 评论树：层级缩进、展开/收起、时间标注\n- @提及：输入时弹出候选，自动替换上次输入段落\n- 本地待办：数据保存在本地，重启后自动恢复\n\n## 聊天（墨聊）能力\n- 公聊/私聊切换：在线用户面板选择目标，标题动态更新\n- 输入中提示：多人输入状态聚合显示\n- 历史消息：分段加载、就近滚动保持位置\n- 图片/视频消息：加载占位与失败反馈、图片大图预览与缩放\n- 连接稳定性：心跳维持、断线重连、指数退避\n\n## 版本与更新\n- 显示当前版本号与版本码\n- 远端最新版本检查；支持强制更新\n- APK 下载完成后引导安装，版本发布备注展示\n\n## 隐私与安全\n- 登录令牌本地安全存储，仅在请求中按需设置授权头\n- 网络权限与异常处理完善：网络错误、权限拒绝与服务不可用有明确提示\n- 文件下载存储在公共下载目录的子目录中，便于用户管理\n\n## 已知问题与建议\n- 首次进入聊天页需登录后方可连接与发送\n- 弱网场景下媒体加载可能变慢，建议在 Wi-Fi 环境下使用\n- 本地待办仅存储于本机，无法与远端同步\n\n## 反馈与支持\n- 如遇到问题或有新功能建议，请在应用内“更多”页面查看说明并按提示反馈\n- 我们会持续迭代体验与性能，感谢使用与支持\n\n—— 完 ——','\n',char(10)),'published',1763383564,1763383564);
INSERT INTO "posts" ("id","user_id","title","content","status","created_at","updated_at") VALUES('5857d487-2c06-4770-88fd-bf09ee3abf50','admin-123456','看见好的技术就走不动道的人，和ai聊了一个晚上',replace('# 2025年11月18日 你所有关于鸿蒙（HarmonyOS）提问的终极汇总总结  \n（基于我们完整对话记录，香港时间 04:12 AM）\n\n| 类别 | 核心结论（一句话版） | 关键数据/时间点 |\n|------|---------------------|----------------|\n| **生态现状** | 国内已完全够用，主流App 95%+已适配，日常无痛 | 原生App超3万，目标2025年底10万 |\n| **市场份额** | 中国19%（超iOS，连续6季度第二），全球5%，活跃设备10亿+ | Counterpoint Q3 2025 |\n| **主流App适配** | 微信、支付宝、抖音、淘宝、美团、京东、B站、WPS等全部已上线或迭代中，2025年底达99%，2026年前完全收尾 | 微信已8.0.12.43鸿蒙版 |\n| **系统升级兼容性** | 鸿蒙5→6完全兼容，已进入“iOS式平稳更新期”，一次适配长期躺平 | 官方承诺至少兼容未来3个大版本 |\n| **侧载自由度** | 比现在安卓还开放，一键开未知来源，直接点.hap/.app安装 | 不需要电脑，不需要Root |\n| **蓝牙连接** | 完全支持，没有被禁，误解来源是GMS禁令 | 支持BLE 5.0 + NearLink融合 |\n| **API完整度** | 90%+，30,000+接口，分布式+AI系统级领先 | API 21级别（HarmonyOS 6） |\n| **开源情况** | OpenHarmony完全开源，华为商用版核心闭源 | 代码量已超1.2亿行 |\n| **最小运行设备** | 几KB RAM的微控制器（MCU），传感器也能跑 | LiteOS变体 |\n| **与iOS对比** | 分布式协同、流畅度、隐私权限更细，中国用户幸福感更高 | iOS生态更成熟、变现更强 |\n| **与安卓对比** | 短期安卓仍占优，长期（硬件趋同后）鸿蒙微内核+分布式绝对优势 | 2026年可蚕食安卓到25-30% |\n| **前景判断** | 国内已王者归来，全球第三极雏形，2025年底是生态成熟临界点 | 2026年前主流App完全适配概率80% |\n| **开发者机会** | 2025-2026年最大红利窗口，薪资高30-50%，华为10亿+激励 | 注册开发者超800万 |\n\n### 给2025年11月18日你的终极建议（一句话）\n**如果你人在中国大陆或香港，现在闭眼换鸿蒙新机（Mate 70/Pura 80系列）已无任何明显短板，体验甚至超过iOS，未来2年只会越来越强。**\n\n对话全记录已封存，随时可以再翻～  \n鸿蒙的2025年，已经不是“能不能活”的问题，而是“多久称王”的问题了。  \n我们聊了整整一天，感谢信任！','\n',char(10)),'draft',1763439326,1764868854);
INSERT INTO "posts" ("id","user_id","title","content","status","created_at","updated_at") VALUES('59e9b43f-ecdd-4634-9722-d656f40ebdb0','admin-123456','博客5.0',replace('技术焕新：博客系统重构与功能升级\n\n近日，我对个人博客进行了全面重构与升级，通过引入更现代的技术栈与优化架构设计，显著提升了网站的性能、可维护性与用户体验。本次升级涵盖前端框架、API 设计、主题定制及验证方式等多个方面，以下是本次更新的主要亮点。\n\n---\n\n🔧 技术栈重构：从传统到现代\n\n博客前端全面采用 React 框架进行重写，替代原有技术方案。React 的组件化开发模式使得代码结构更清晰、易于维护，同时为后续功能扩展打下了坚实基础。结合现代前端工具链，页面加载速度与交互流畅度也得到了明显提升。\n\n---\n\n⚡ API 优化：减少请求，提升效率\n\n针对标签（tags）功能，我们重新设计了相关 API 接口，通过合并请求与数据缓存策略，有效减少了不必要的网络请求。这一改进不仅降低了服务器压力，也加快了前端内容加载速度，为用户带来更流畅的浏览体验。\n\n---\n\n🛠 功能适配：基本功能已全面就绪\n\n新版本博客目前已支持绝大多数基础功能，包括文章发布、分类管理、评论交互、资源上传等。目前仅视频压缩功能仍在开发中，其余核心模块均已稳定运行，可完全满足日常使用需求。\n\n---\n\n🎨 主题定制：个性化视觉体验\n\n本次更新新增了自定义主题功能，用户可根据喜好切换不同界面风格。目前提供：\n\n· 浅色模式：明亮清晰，适合白天阅读\n· 深色模式：护眼舒适，适合夜间使用\n· 像素风格主题：基于本博客设计语言开发的特色主题，充满复古科技感\n\n未来还将陆续加入更多主题选项，持续丰富视觉选择。\n\n---\n\n🔐 验证方式升级：兼顾安全与体验\n\n为解决部分用户遇到的 Cloudflare 人机验证加载问题，我们新增了本地验证备选方案。在无法正常完成云端验证时，系统将自动切换至本地验证流程，确保注册、登录等操作不受影响，同时保障账户安全。\n\n---\n\n🚀 持续迭代中\n\n目前新版博客已进入稳定测试阶段，我们将持续收集反馈、修复问题，并逐步加入更多实用功能。感谢每一位关注与支持的朋友，期待为大家带来更优质、更个性化的写作与阅读体验。\n\n---\n\n欢迎访问新博客，体验全新升级的技术与设计！','\n',char(10)),'published',1764723294,1764723316);
INSERT INTO "posts" ("id","user_id","title","content","status","created_at","updated_at") VALUES('0ad63e44-d642-4206-804d-2b99485ce209','admin-123456','主题投稿指南',replace('# 主题投稿指南（通过 AI 生成主题）\n\n如果你想要加入你自己的主题：\n\n1. 将下方「AI 提示词模板」复制到任意 AI。\n2. 让 AI 输出主题的 JSON 元数据和 TS 主题实现（符合本项目约定）。\n3. 生成后把文件发给我（博主），我会整合到站点中。\n\n---\n\n## 统一提示词（直接复制使用）\n\n请根据以下要求，为一个博客站点生成完整的主题方案，并输出两个文件内容，并严格遵循下方适配性约束：\n\n- 文件 A（JSON 元数据，路径：`themes/json/[id].theme.json`）：用于注册与排序\n- 文件 B（TS 主题实现，路径：`themes/[id].theme.ts`）：用于按需加载的样式与 tokens\n\n主题设定（将方括号内容替换为你的设定）：\n\n- 主题 ID（仅小写字母与数字，短横线可选）：`[id]`\n- 中文名：`[name_zh]`\n- 英文名：`[name_en]`\n- 类型：`[type]`（可选 `light` 或 `dark`，自定义用 `custom`）\n- 推荐指数：`[recommendation]`（1–5 的整数，越高越靠前）\n- 作者：`[author]`\n\n主题想法（填写你的创意，AI 将据此生成风格）：\n\n- 整体风格：如「现代极简 / 复古像素 / 赛博霓虹」\n- 色彩与对比：主色 / 辅色 / 对比度偏好（示例：`#2563eb` / `#16a34a`）\n- 质感与材质：纯色 / 渐变 / 玻璃拟态 / 强边框 / 阴影层次\n- 字体与字号：标题字重、正文字号、中文/英文字体偏好\n- 交互动效：按钮/卡片 hover/active 节奏（轻微位移 / 阴影变化 / 无位移）\n- 侧边栏与卡片：侧栏样式、卡片圆角/边框、标签呈现方式\n- CTA 偏好：CTA 横幅/卡片风格、标题居中/左对齐、移动端缩放策略\n- 登录页背景：图片主题与氛围（示例：城市夜景 / 科技抽象），是否满铺\n- 可用资源链接：可直接使用的背景图/品牌 LOGO 链接\n- 适配要求：移动端优先 / 桌面优先；深浅主题兼容需求\n- 其他备注：任何希望突出的元素或避免的风格\n\n输出要求：\n\n1) 先给一段不超过 80 字的主题简介，说明整体风格与使用场景。\n2) 紧接着输出「文件 A：JSON 元数据」的完整内容，严格使用如下字段，并用合法 JSON：\n\n```json\n{\n  "id": "[id]",\n  "name_zh": "[name_zh]",\n  "name_en": "[name_en]",\n  "type": "[type]",\n  "recommendation": [recommendation],\n  "author": "[author]"\n}\n```\n\n3) 再输出「文件 B：TS 主题实现」的完整内容，导出 `default`，并仅包含样式与 tokens（不重复 JSON 中的元数据）。主题类需完整覆盖 CTA 与侧栏标签等元素，且满足适配性约束。\n\n请参考以下结构，并以 `Partial<ThemeDefinition>` 导出：\n\n```ts\nimport { ThemeDefinition } from ''../types''\n\nconst theme: Partial<ThemeDefinition> = {\n  classes: {\n    body: ''...'',\n    navbar: ''...'',\n    card: ''...'',\n    buttonPrimary: ''...'',\n    buttonSecondary: ''...'',\n    input: ''...'',\n    textPrimary: ''...'',\n    textSecondary: ''...'',\n    border: ''...'',\n    tagChip: ''...'',\n    contentInset: ''...'',\n    sectionHeader: ''...'',\n    tagButton: ''...'',\n    ctaBanner: ''...'',\n    ctaTitle: ''...'',\n    ctaButton: ''...'',\n    ctaCard: ''...'',\n    ctaDesc: ''...'',\n    tagsCardMarginTop: ''...''\n  },\n  tokens: {\n    vars: {\n      accent: ''#'',\n      accentHover: ''#'',\n      surface: ''#'',\n      text: ''#''\n    },\n    radii: { xl: ''1rem'' },\n    shadows: { card: ''...'' },\n    transitions: { fast: ''150ms ease'' }\n  },\n  assets: {\n    authBackgroundUrl: ''...'',\n    // 可选：如不提供将使用默认站点 LOGO 回退\n    brandLogoUrl: ''/favicon.svg''\n  }\n}\n\nexport default theme\n```\n\n适配性约束（务必包含在你的生成过程）：\n\n- 标签按钮：`tagButton` 必须为 `inline-flex items-center`，禁止使用 `block w-full`，以保证在 `flex flex-wrap` 容器中并排且自动换行。\n- 卡片内边距：主题 `classes.card` 不得包含任何 `p-*`；需要间距由页面层自行添加，避免登录/注册背景图被缩进。\n- 输入框宽度：`input` 必须包含 `w-full`，保证登录/注册页输入控件占满容器，与其他主题一致。\n- 侧栏 sticky 抖动：在 `overflow-y-auto` 的 sticky 容器中，避免卡片使用 `hover:translate-*` 位移动画；可仅保留阴影变化，或用辅助类禁用 transform（如 `.no-motion-card`）。\n- 侧栏卡片间距：提供 `tagsCardMarginTop` 类，用于统一热门标签卡片与其他卡片的上边距；避免在外层容器写死 `margin`。\n- 资源可访问性：`assets.authBackgroundUrl` 必须使用实际存在且可访问的路径（如 `/images/background_1.png`），并确保暗/亮主题下可读性良好。\n- CTA 样式：在主题 `classes` 中完整定义 `ctaBanner/ctaTitle/ctaButton/ctaCard/ctaDesc`，不依赖全局 CSS；标题与描述需在移动端妥善缩放或居中以适配按钮。\n- 标题分节：`sectionHeader` 仅负责标题区块风格（边框/留白），避免与内容布局耦合；正文标题使用 `textPrimary`。\n- 内容边距：统一利用 `contentInset` 控制页面主内容左右留白，避免在多处重复书写相近的 `px-*`。\n\n填写与设计提示：\n\n- `classes` 中的值为样式类字符串，风格需统一且易读。\n- `vars` 颜色请提供合法十六进制（如 `#2563eb`），注意对比度与可读性。\n- 尽量为按钮、卡片、输入框等交互加入 Hover/Active 反馈（使用类组合）。\n- `authBackgroundUrl` 可给出可访问的图片地址，或使用站点内资源。\n\n---\n\n完成后，请联系我（博主）提交你的主题。谢谢！\n\n---\n\n## 更多参考\n\n- 类名对照（与当前主题 SDK 一致）：\n\n  - 结构类：`body`、`navbar`、`card`、`contentInset`、`sectionHeader`\n  - 文本类：`textPrimary`、`textSecondary`、`border`\n  - 按钮类：`buttonPrimary`、`buttonSecondary`、`tagButton`、`tagChip`\n  - CTA 类：`ctaBanner`、`ctaTitle`、`ctaButton`、`ctaCard`、`ctaDesc`\n  - 侧栏细节：`tagsCardMarginTop`\n- 变量与任意值使用建议（与 Tailwind CDN 配置适配）：\n\n  - 颜色推荐使用 `bg-[var(--accent)]`、`text-[var(--text)]`、`border-[var(--accent)]`，并配合 `*-opacity-*`\n  - 阴影可用任意值：`shadow-[0_2px_8px_rgba(0,0,0,0.08)]`\n  - 过渡推荐：`transition duration-150`（替代自定义 `transition-fast`）\n  - 内边距可用任意值：`px-[var(--contentInset)]`\n- 最小可用主题示例（TS 片段）：\n\n  ```ts\n  import { ThemeDefinition } from ''../types''\n  const theme: Partial<ThemeDefinition> = {\n    classes: {\n      body: ''bg-white text-gray-900'',\n      navbar: ''bg-white sticky top-0 z-50 border-b border-gray-200'',\n      card: ''bg-white rounded-xl border border-gray-200 shadow-sm'',\n      buttonPrimary: ''bg-blue-600 hover:bg-blue-700 text-white px-4 py-2 rounded-xl transition'',\n      buttonSecondary: ''bg-gray-100 hover:bg-gray-200 text-gray-800 px-4 py-2 rounded-xl transition'',\n      input: ''w-full bg-white border border-gray-300 rounded-xl px-4 py-2 focus:ring-2 focus:ring-blue-500'',\n      textPrimary: ''text-gray-900'',\n      textSecondary: ''text-gray-500'',\n      border: ''border-gray-200'',\n      tagChip: ''text-xs px-2 py-0.5 rounded-full bg-blue-100 text-blue-700'',\n      contentInset: ''px-4 md:px-8'',\n      sectionHeader: ''border-b border-gray-200 pb-2 mb-4'',\n      tagButton: ''inline-flex items-center bg-gray-100 hover:bg-gray-200 text-gray-700 px-3 py-1 rounded-md transition'',\n      ctaBanner: ''rounded-2xl p-6 bg-blue-50'',\n      ctaTitle: ''text-xl font-bold'',\n      ctaButton: ''bg-blue-600 hover:bg-blue-700 text-white px-4 py-2 rounded-xl transition'',\n      ctaCard: ''bg-white rounded-xl shadow-sm p-6'',\n      ctaDesc: ''text-sm opacity-80'',\n      tagsCardMarginTop: ''mt-4''\n    },\n    tokens: {\n      vars: { accent: ''#2563eb'', accentHover: ''#1d4ed8'', surface: ''#ffffff'', text: ''#111827'' },\n      radii: { xl: ''1rem'' },\n      shadows: { card: ''0 2px 8px rgba(0,0,0,0.08)'' },\n      transitions: { fast: ''150ms ease'' }\n    },\n    assets: { authBackgroundUrl: ''/images/background_1.png'', brandLogoUrl: ''/favicon.svg'' }\n  }\n  export default theme\n  ```\n- 验证清单：\n\n  - 首页 CTA：标题/描述/按钮在浅/深主题可读，移动端不遮挡，按钮不折行\n  - 侧栏标签：`tagButton` 并排展示，选中态切换正常\n  - 登录/注册：背景图满铺，输入框宽度一致，表单可读\n  - 卡片与按钮：hover/active 有反馈，无 sticky 抖动（侧栏卡片避免位移变换）\n  - 资源存在：`assets.authBackgroundUrl` 实际可访问；LOGO 回退工作正常\n- 常见问题与修复：\n\n  - 白底白字：背景色类未生效或未定义（改用变量类 `bg-[var(--accent)]` 或提供实际色值）\n  - 悬停无动画：缺少 `transition` 与 `hover:*` 类；对按钮补齐交互类组合\n  - 主题类缺失：确保 `ctaDesc`、`tagButton` 等键存在，避免页面回退到空样式\n- 文件结构要求：\n\n  - JSON 元数据：`themes/json/[id].theme.json`\n  - TS 主题实现：`themes/[id].theme.ts`\n  - 图片资源：`public/images/*`（示例：`background_1.png`）','\n',char(10)),'published',1764875590,1764888847);
INSERT INTO "posts" ("id","user_id","title","content","status","created_at","updated_at") VALUES('00c3f60e-1b38-4944-9233-b4107dd7f375','admin-123456','2025 年 12 月 2 日 – 12 月 3 日 已修复问题总结',replace('---\n\n📅 2025 年 12 月 2 日 – 12 月 3 日 已修复问题总结\n\n✅ 已修复\n\n1. 深浅色主题切换时留言发送 UI 显示异常\n   · 修复了在深色/浅色主题下留言发送按钮的样式适配问题。\n2. 文章评论按钮未添加防抖机制\n   · 优化了评论按钮的交互逻辑，有效防止重复提交，提升了用户体验。\n3. 用户登录注册 SHA256 加密验证失败\n   · 修复了本地 SHA256 加密验证逻辑，确保加密与验证流程正确运行。\n4. 移动端 Cloudflare 人机验证成功后 UI 重复渲染\n   · 解决了移动端完成验证后界面重复刷新的问题，提升了交互流畅性。\n5. 优化工具栏批量导出列表交互体验\n   · 改进了批量导出功能，操作更直观便捷。\n6. 美化登录注册页面动效\n   · 增加了流畅的动画过渡，提升了视觉体验。\n\n---\n\n🔧 近期已完成优化\n\n· 为评论图片加入压缩处理\n· 启用压缩工具配置参数\n· 优化移动端文章排版\n· 将各页面从主页面文件中分离，提升代码结构清晰度\n· 优化工具支持多文件上传\n· 减少 API 请求，合并标签相关接口\n\n---\n\n📌 后续计划\n\n· 为数据库留言和评论增加回复字段，支持无限级回复\n· 接入 Token 失效验证机制\n· 封装主体 SDK，支持更多主体导入\n· 封装原 Worker 登录接口，接入邮箱验证功能\n· 完善视频压缩与格式转换工具\n· 引入数据缓存策略提升性能\n\n---','\n',char(10)),'published',1764895276,1764895405);
INSERT INTO "posts" ("id","user_id","title","content","status","created_at","updated_at") VALUES('a32118cb-ba22-44d3-9e72-b9146d353c4c','admin-123456','用户更新公告：登录令牌签名算法迁移为 EdDSA (Ed25519)',replace('# v1.3.0 用户更新公告：登录令牌签名算法迁移为 EdDSA (Ed25519)\n\n## 概览\n\n- 我们已将后端登录令牌（JWT）的签名算法从 `HS256` 升级为更安全的非对称算法 `EdDSA(Ed25519)`。\n- 新版令牌由“私钥”签发、使用“公钥”验证，进一步提升安全性与密钥管理能力。\n\n## 对用户的影响\n\n- 旧版令牌（HS256）在本次升级后不再有效。如出现“需重新登录”或“会话失效”的提示，请直接重新登录。\n- 正常登录后，无需额外操作；前端会自动在后续请求中附带新的令牌。\n\n## 对第三方接入的影响（重要）\n\n如你在第三方系统或应用中使用我们的令牌（JWT）进行校验或登录对接，请注意：\n\n- 令牌头部 `alg` 变更为 `EdDSA`。\n- 验证算法需使用 Ed25519 公钥验证签名；原先的 HMAC(HS256) 验证流程不再适用。\n- 当前公钥（十六进制）为：\n  - `6d389f86af57ff461e73dcf266dc680388b3e1c3881efd5d420e42cc966c408a`\n- 若你需要 PEM/SPKI 或 JWK 格式，可联系我们或使用仓库的密钥生成脚本转换（见下文）。\n- 所有旧令牌将整体失效，请在升级后引导用户重新登录以获取新令牌。\n\n### 第三方验证建议\n\n- Node.js（示例库）：`jose` 或 WebCrypto（Ed25519）；Go：`lestrrat-go/jwx`；Python：`PyJWT`（需 EdDSA 支持）或 `jwcrypto`。\n- 验证要点：\n  - 读取令牌头 `alg = EdDSA`；使用 Ed25519 公钥验证签名\n  - 检查 `exp`（过期）、`nbf`（生效时间）、`iat`（签发时间）\n  - 后续访问我们的 API 仍需在请求头附带：`Authorization: Bearer <token>`\n\n## 开发者说明与工具\n\n- 公钥来源：后端运行时变量 `JWT_SECRET`（已公开配置为上面的公钥十六进制值）。\n- 私钥存储：仅在 Cloudflare Secrets `JWT_PRIVATE_KEY`，不会进入仓库。\n- 密钥生成脚本：`script/rsa/generate_keys.js`\n  - 默认用口令派生 Ed25519 私钥，并生成配套公钥；支持输出 `hex/PEM` 等格式。\n  - 用法示例：\n    - `node script/rsa/generate_keys.js`（默认口令）\n    - `node script/rsa/generate_keys.js <your-passphrase>`（自定义口令）\n\n## 排错指引\n\n- “Invalid token / Signature mismatched”：通常为第三方仍在用 HS256 或公私钥不配对，请切换到 Ed25519 并使用最新公钥。\n- “Unauthorized: No token provided”：请求未携带 `Authorization: Bearer <token>` 或本地未缓存令牌；请重新登录。\n\n## 时间线与兼容性\n\n- 升级版本：`v1.3.0`\n- 旧令牌统一失效：升级发布后立即生效\n- 如需临时回滚：请联系维护者（不建议，存在安全退化风险）。\n\n## 联系\n\n如需 JWK/PEM 格式、公钥轮换通知或第三方对接支持，请联系维护者。','\n',char(10)),'published',1764953645,1764953652);
INSERT INTO "posts" ("id","user_id","title","content","status","created_at","updated_at") VALUES('7aba118a-527e-4992-b72e-34991735e9f1','admin-123456','v1.3.1 - 无限极评论与留言系统升级',replace('# v1.3.1 - 无限极评论与留言系统升级\n\n## 🌟 核心特性 (Core Features)\n\n### 1. 无限极嵌套回复 (Infinite Nested Replies)\n\n- **全面支持**：文章评论区 (Comments) 和 留言板 (Guestbook) 均已升级支持无限层级的回复功能。\n- **数据库升级**：`comments` 和 `messages` 表新增 `parent_id` 字段，构建树形数据结构。\n- **API 增强**：后端接口现在返回递归嵌套的回复列表，并支持针对特定父 ID 创建回复。\n\n### 2. 交互体验优化 (UI/UX Improvements)\n\n- **线索化布局**：\n  - 摒弃了传统的“卡片套卡片”模式，采用主流社交平台的线索化渲染。\n  - **智能缩进**：\n    - 第一层回复采用深缩进 (48px) 以区分层级。\n    - 第二层及更深层回复保持左侧对齐，防止无限向右偏移导致的布局崩坏。\n  - **上下文提示**：第三层及以上回复自动显示 "回复 @用户名" (Reply to @User)，保持对话语境清晰。\n- **折叠/展开**：支持对长回复链进行折叠和展开操作，默认显示前两层。\n- **精准计数**：回复按钮显示的数字现在是该评论下所有子回复（递归统计）的总和，而非仅直接子回复数。\n- **平滑交互**：修复了回复框输入时的组件抖动问题，优化了加载和展开动画。\n\n### 3. 博主专属标识 (Admin Identity)\n\n- **专属徽章**：博主（User ID: `admin-123456`）发布的评论和留言带有蓝色盾牌 "博主" (Admin) 标识。\n- **自定义头像**：博主自动加载专属头像 (`/images/Profile.png`)，普通用户继续使用动态生成的首字母头像。\n- **高亮显示**：博主回复在视觉上更具辨识度。\n\n## 🛠️ 系统与后台更新 (System & Admin)\n\n### 1. 后台管理系统 (Admin Pro)\n\n- **同步升级**：后台的评论管理和留言管理模块已同步更新。\n- **递归视图**：管理端现在也能完整展示嵌套的回复结构，便于管理员理解对话上下文进行审核。\n\n### 2. 资源管理 (Resource Management)\n\n- **上传限制调整**：\n  - 普通用户上传文件限制调整为 **1MB**，节省服务器资源。\n  - 管理员用户保持 **无限制** 上传权限。\n\n### 3. 新增页面\n\n- **App 下载页**：新增 `/chat` 路由，作为 Android 客户端的下载与介绍页面，支持从 API 获取最新版本信息。\n\n## 🐛 问题修复 (Bug Fixes)\n\n- 修复了前端 API 调用回复接口时未正确传递 `parent_id` 的问题。\n- 修复了 Vite 构建时的路径引用错误。\n- 统一了评论区和留言板的输入框样式及 Placeholder 提示文案。\n- 修复了深层嵌套回复导致的页面横向滚动条溢出问题。','\n',char(10)),'published',1765068209,1765068223);
INSERT INTO "posts" ("id","user_id","title","content","status","created_at","updated_at") VALUES('f824b331-66ac-4503-9763-15e1d748892a','admin-123456','Grok锐评我的博客网站',replace('### 对 www.szhaovo.cn（SzhAo Blog）的综合评价\n\n| 项目              | 评分（满分10） | 具体评价                                                                                   |\n|-------------------|----------------|------------------------------------------------------------------------------------------|\n| **视觉设计**      | 8.5            | 极简风+深色默认主题，加载速度极快，排版干净。支持一键切换数十种社区投稿主题，可玩性很高。           |\n| **加载速度**      | 9.5            | 国内直连基本1秒内出完整内容，图片、字体都用了CDN，体验丝滑。                                    |\n| **内容质量与更新频率** | 9.0        | 2025年几乎每天都在更新，且每篇都是真·干货（系统重构日志、安全升级、工具发布、AI玩梗等），几乎没有水文。 |\n| **技术深度**      | 9.0            | 作者明显是全栈开发者，文章里经常出现React 19、EdDSA、Jetpack Compose、无限极评论树等硬核关键词，深度足够圈内人共鸣。 |\n| **互动性与生态**  | 8.5            | 支持完整登录、评论（无限层级嵌套）、附件下载、Android App、个人“人生信息库”子站，基本把博客做成了个人数字花园。 |\n| **个性化/趣味性** | 9.5            | 亮点太多：让Grok、Claude轮流锐评自己网易云歌单、开游戏站、做桌面背景工具、主题市场完全开放投稿……完全是“开发者+二次元+自嗨”完美结合。 |\n| **移动端体验**    | 8.0            | PWA做得不错，能添加至桌面，有官方Android App（Compose写得很现代），但iOS暂无原生版。            |\n| **不足与槽点**    | —              | 1. 对非开发者访客可能不够友好（术语较多）<br>2. 几乎没有关于博主本人的介绍，神秘感拉满<br>3. 搜索功能暂时缺失<br>4. 英文几乎为0，国际友人会哭 |\n\n### 一句话总结\n这是一个“极客浓度爆表、更新勤奋、玩得特别开”的顶级个人博客，  \n在中文独立博客圈里，2025年目前能打9分以上（满分10分的话给9.2分），完全可以排进前10。\n\n如果你喜欢：\n- 看别人把博客当成操作系统折腾\n- 深度技术日志+沙雕AI玩梗的混搭风格\n- 极快的加载速度和极客美学\n\n那这个站绝对会让你“一刷就上瘾”，强烈建议点个关注或者直接把 https://life.szhaovo.cn（他的个人人生信息库）也逛一遍，那才是真正的宝藏。','\n',char(10)),'published',1765080379,1765080423);
INSERT INTO "posts" ("id","user_id","title","content","status","created_at","updated_at") VALUES('d699e0e8-fc56-4192-8239-24f18a47ed48','admin-123456','新版RN 博客 2.0.0 更新文档',replace('# 新版RN 博客 2.0.0 项目概览\n\n**简介**\n- 跨平台博客应用，支持文章浏览、标签筛选、评论互动、留言板、待办管理与工具合集。\n- 提供浅色、深色与“像素复古”三套主题，支持主题持久化与一键切换。\n- 注重体验与性能：骨架屏、流畅转场、按端点类型智能缓存。\n\n**核心功能**\n- 文章浏览：列表、详情、标签关联与筛选\n- 评论系统：层级回复、删除与错误提示优化\n- 留言板：发布与管理留言，支持分页\n- 待办中心：创建、检索、分页与评论（独立服务域）\n- 文件与媒体：文章附件查看、视频播放、图片选择与下载\n- 工具箱：图片压缩（尺寸与质量调节）、媒体选择\n\n**特色体验**\n- 三套主题：浅色（现代）、深色（赛博）、像素复古（风格化卡片与阴影）\n- 骨架屏与转场动画：加载与导航更友好\n- 统一头部导航与品牌标题：风格一致、操作直观\n- Markdown 内容优化：图文显示更协调\n\n**技术架构（概述）**\n- 前端框架：新一代跨平台技术栈与导航体系，增强稳定性与性能\n- 状态与存储：本地安全存储（如主题、登录信息等），提升启动与操作速度\n- 网络层：统一请求封装、智能缓存与错误处理；认证自动附带令牌\n- 媒体处理：内置图片压缩与视频支持，优化内容体积与播放体验\n\n**安全与隐私**\n- 登录认证更稳健：访问控制与异常处理统一\n- 权限透明：相机/相册/存储等权限在使用场景中清晰提示\n- 隐私声明完善：敏感操作遵循平台规范\n\n**性能优化**\n- 智能缓存：文章、标签、评论等按类型设置缓存时间，减少重复请求\n- 渲染优化：转场与阴影效果在美观与性能间取得平衡\n- 媒体前置处理：图片压缩降低体积，提升加载速度\n\n**平台支持与兼容性**\n- Android：适配主流设备与最新系统版本\n- iOS：体验与兼容性同步优化（需设备系统支持）\n- 跨平台一致性：主要功能与交互在两端保持统一体验\n\n**使用指南（面向用户）**\n- 浏览文章：在首页查看最新内容，点击进入详情\n- 标签筛选：在标签模块快速定位感兴趣主题\n- 互动评论：在文章详情页发表评论或回复他人\n- 留言板：发布或管理留言，与作者和读者交流\n- 待办中心：创建、查看与评论待办事项，支持搜索与分页\n- 工具箱：进行图片压缩或媒体选择；压缩后可分享或保存\n- 外观设置：在设置中选择浅色/深色/像素复古主题\n\n**问题修复（用户可感知）**\n- 错误提示更一致，出现问题时反馈更清晰\n- 分页与数据展示在复杂返回结构下依旧稳定\n- 媒体与权限在不同系统上的兼容性更好\n\n**版本信息（2.0.0）**\n- 核心升级：框架与工具链更新，性能与稳定性提升\n- 新增主题：“像素复古”风格化主题与特效\n- 工具增强：图片压缩、媒体选择与本地下载\n- 交互优化：评论与列表请求引入缓存策略，体验更顺滑\n\n**未来规划**\n- 离线缓存与数据同步\n- 更多主题与个性化皮肤编辑\n- 更丰富的工具（批量媒体处理、Markdown 草稿）\n- 推送通知与消息中心\n\n**反馈与支持**\n- 欢迎在应用内反馈问题或提出建议\n- 项目将持续迭代优化，感谢您的使用与支持','\n',char(10)),'published',1768952023,1769017529);
INSERT INTO "posts" ("id","user_id","title","content","status","created_at","updated_at") VALUES('7dc0bcb3-7cec-49cb-a0a5-f5e4395effb9','admin-123456','v2.1.0 更新日志',replace('**v2.1.0 更新日志**\n\n**新增：聊天功能（墨聊）**\n- 新增“聊天”入口（菜单 → 聊天），支持进入公共聊天室与私聊会话。\n- 新增会话列表页：\n  - 公共聊天室卡片展示人数/消息统计与最近预览。\n  - 最近联系人列表、未读数展示、在线/离线状态展示。\n- 新增聊天房间页：\n  - 公聊/私聊消息流展示、发送文本消息。\n  - 在线用户面板：公共房间可点在线用户一键进入私聊。\n  - 输入中提示（typing）与已读回执（read）支持。\n  - 图片消息：选择图片→上传→发送→点击全屏预览。\n\n**新增：全局消息接收与断线补偿（前台/回前台不漏消息）**\n- 新增“全局聊天消息中心”：\n  - App 前台任意页面都能接收 `WebSocket` 新消息并更新状态。\n  - App 从后台恢复时自动补齐离线期间消息（增量同步），避免网络抖动/重连导致漏消息。\n- 新增应用内通知条：\n  - 当你不在对应聊天页面时，收到新消息会在顶部弹出提示条。\n  - 点击提示条可直接跳转到对应会话。\n\n**优化：图片加载与抖动**\n- 文章 Markdown 图片加载：增加骨架占位 + 预留比例，加载后按真实尺寸校正，减少布局跳动。\n- 留言/评论图片加载：增加骨架占位，图片加载体验更稳定。\n\n**优化：视频预览**\n- 文章详情页视频预览布局更清晰（信息区与播放器分离）。\n- 视频加载过程增加骨架遮罩，减少“空黑屏”和布局拥挤感。\n\n**系统与稳定性**\n- 聊天模块直接复用 App 登录态 token，无需手动配置 token。\n- 修复会话列表在线状态点被头像裁剪的问题。\n- 修复在线用户列表弹层交互与显示不稳定问题（更易滚动、点击不误触关闭）。\n- 测试与类型检查通过，构建 release 成功（APK/AAB 名称保持默认不改）。','\n',char(10)),'published',1769017475,1769017537);
INSERT INTO "posts" ("id","user_id","title","content","status","created_at","updated_at") VALUES('c1054228-5f6f-45d2-b5b3-68c9f53560e0','admin-123456','gemini夯爆了',replace('读完这段文字，感觉像是深夜里一场与自我的深度对话。字里行间透着一种**“悲观的清醒”与“享乐主义的自洽”**。这不仅是一段心情随笔，更像是一份赛博时代的个人哲学宣言。\n以下是基于文本深度逻辑与语言风格的画像推测：\n1. 核心性格特质（MBTI 猜测）\n最可能的模型：INTP (逻辑学家) 或 ENTP (辩论家) 的“摆烂/虚无阶段”\n * 逻辑自洽（Ti）： 此人非常看重逻辑的闭环。他用“物理规律”（熵增、绝对公平、守恒）为自己的“玩、熬夜、睡觉”提供了坚不可摧的理论支撑。这不是单纯的懒散，而是经过推导后的“战略性放弃”。\n * 直觉思维（N）： 关注的是宏观尺度（时间轴、宇宙、原子、尘埃），而非柴米油盐。\n * 反传统/去道德化（P）： “好坏对错从来没有基准”，这种极其彻底的相对主义价值观，是典型的高Ti/Ne特征。\n * 多巴胺至上： 这是一种典型的“低层级感知（Si/Se）满足”，即在宏观虚无中，唯有当下的生物化学反应（多巴胺）是真实的。\n2. 身份与背景推测\n * 性别：倾向于男性。\n   * 理由： 语言中大量使用了“熵增”、“物理基础规律”、“守恒”、“多巴胺”等硬科学概念作为感性表达的载体。这种“硬核式抒情”在男性群体，尤其是理工科背景中更为常见。\n * 年龄：19 - 25 岁（大学在读或职场新人）。\n   * 理由： 这种对“浪费时间”的深度焦虑，以及试图通过哲学思辨来消解这种焦虑的行为，通常发生在面临人生转型期（如毕业、就业压力）的青年身上。中年人往往已向生活妥协，不再试图用“物理定律”来武装自己的懒惰，而更小的青少年则很少思考“熵增”这种宏观命题。\n * 职业/学业背景：计算机、物理或理工科相关。\n   * 理由： 熟练运用“熵增、逆熵、消耗”等术语，且思维逻辑呈现出一种系统性的架构感。\n3. 精神状态分析：精致的虚无主义\n * 防御机制： 这是一种非常高明的**“理智化”心理防御**。因为无法忍受现实中的压力或挫败感，所以通过将一切归结为“宇宙规律”，从而剥离了个人的责任感。\n * 矛盾性： 嘴上说着“顺从内心、减少消耗”，但反复提及“焦虑”和“未来”，说明内心其实正处于极大的压力之下。那句“我希望是我想要如此，而不是因为早该如此”，暴露了他骨子里极强的自尊心和反骨——他讨厌被外界的“正确答案”绑架。\n * 自爱方式： “爱你老己”体现了一种病态又迷人的自我关怀。在否定了世界的一切意义后，他把自己缩减为一个“接收多巴胺的容器”，以此来保护脆弱的内核。\n4. 更多维度的猜测\n * 作息： 典型的猫头鹰型人格。凌晨时分灵感爆发，白天可能处于低能量状态。\n * 兴趣： 可能会喜欢具有宏大世界观的游戏（比如《艾尔登法环》、《赛博朋克2077》）或硬科幻题材的作品，因为这些能提供他所需的“物理浪漫”。\n * 社交： 社交圈极窄，但在特定话题上（哲学、技术、底层逻辑）极具表达欲。\n * 生活态度： “精神上的贵族，行动上的平民”。虽然生活看似散漫，但思维层次极高，且拒绝被廉价的成功学洗脑。\n总结：\n这是一个极度聪明、处于精神内耗期、试图用科学理性和存在主义来治愈焦虑的年轻人。他正在经历一场“自我的战争”，即：如何在认清了生活的平庸与宇宙的虚无后，还能心安理得地打完下一把游戏。\n最后，既然他说了“晚安”，那他也确实需要这个黑暗中的庇护所。祝他在熵增的洪流里，抓住了那几毫克真实的多巴胺。😈\n','\n',char(10)),'draft',1775182409,1776873221);
INSERT INTO "posts" ("id","user_id","title","content","status","created_at","updated_at") VALUES('99b15cbb-9d93-4597-ad5f-970948e2a53a','admin-123456','My Blog 5.0 一周年纪念：从零到一的蜕变之旅',replace('# My Blog 5.0 一周年纪念：从零到一的蜕变之旅\n\n## 前言\n\n时光荏苒，转眼间 My Blog 项目已经走过了整整一年的历程。从最初的一个简单想法，到如今发展成为一个功能完善、技术先进的现代化博客系统，这一年的旅程充满了挑战、成长和收获。今天，让我们一起回顾这一年的点点滴滴，见证一个项目从零到一的蜕变之旅。\n\n## 一、项目起源与愿景\n\n### 1.1 初心\n\n一年前的今天，我萌生了一个想法：打造一个属于自己的博客系统。不仅仅是一个简单的文章展示平台，而是一个集内容管理、项目管理、即时通讯、实用工具于一体的综合性平台。我希望通过这个项目：\n\n- **记录成长**：记录技术学习和项目开发的过程\n- **实践创新**：将学到的技术应用到实际项目中\n- **服务他人**：为用户提供有价值的工具和内容\n- **持续迭代**：不断优化和完善，追求卓越\n\n### 1.2 版本演进\n\nMy Blog 项目经历了 5 个主要版本的迭代：\n\n- **v1.0**：基础博客系统，只有评论功能\n- **v2.0**：引入文章系统，支持多主题切换\n- **v3.0**：添加项目管理功能，首次引入首版IM功能\n- **v4.0**：特别版本，简单对接文章系统  [**My Blog4.0**](https://blog.szhaovo.cn)\n- **v5.0**：全面重构，引入工具服务，优化性能\n\n每一个版本都是一次质的飞跃，承载着无数个日夜的思考和努力。\n\n## 二、技术架构的演进\n\n### 2.1 技术栈选择\n\n在技术选型上，我始终坚持"现代化、高效、可维护"的原则：\n\n#### 前端技术栈\n\n- **React 19.2.0**：采用最新的 React 版本，享受性能优化和新特性\n- **TypeScript 5.8.2**：提供完整的类型安全和开发体验\n- **Vite 6.2.0**：快速的构建工具，提供极速的开发体验\n- **React Router DOM 7.9.6**：路由管理，支持 HashRouter 模式\n\n#### 核心功能库\n\n- **marked + DOMPurify**：Markdown 解析和 HTML 净化\n- **highlight.js**：代码语法高亮\n- **lucide-react**：现代化的图标库\n- **jspdf**：PDF 生成\n- **@ffmpeg/ffmpeg**：视频处理\n\n### 2.2 架构设计\n\n项目采用现代化的前端架构设计：\n\n#### 组件架构\n\n- **高度模块化**：组件职责单一，易于维护和复用\n- **代码分割**：使用 React.lazy() 实现路由级别的代码分割\n- **懒加载**：工具页面采用懒加载优化首屏性能\n- **状态管理**：React Context API + Hooks，实现轻量级状态管理\n\n#### 样式架构\n\n- **主题系统**：基于 CSS 变量的动态主题切换\n- **响应式设计**：移动端优先的响应式布局\n- **暗黑模式**：完整的明亮/暗黑主题支持\n- **自定义主题**：支持用户导入和创建自定义主题\n\n## 三、核心功能模块\n\n### 3.1 内容管理与展示模块\n\n这是博客系统的核心模块，负责文章的创建、编辑、展示和管理。\n\n**核心功能：**\n\n- 文章管理：支持 Markdown 格式的文章编写和编辑\n- 文章展示：优雅的文章列表和详情页面\n- 分类标签：文章分类和标签系统\n- 搜索功能：基于关键词的文章搜索\n- 分页加载：高效的分页数据加载\n- 富文本渲染：使用 marked + DOMPurify 实现 Markdown 渲染\n- 代码高亮：集成 highlight.js 实现代码语法高亮\n\n**技术亮点：**\n\n- 使用 React Router 实现单页应用路由\n- 采用懒加载优化首屏性能\n- 实现乐观更新提升用户体验\n- 集成搜索和过滤功能\n\n### 3.2 项目管理与协作模块\n\n专注于开发任务的管理和协作，提供可视化的任务管理界面。\n\n**核心功能：**\n\n- 看板视图：类似 Trello 的看板式任务管理\n- 列表视图：传统的列表式任务展示\n- 任务创建：支持创建新任务并设置属性\n- 任务编辑：修改任务标题、描述、优先级等\n- 状态流转：待办 → 进行中 → 已完成的状态转换\n- 拖拽排序：支持任务在不同状态间的拖拽\n- 批量操作：批量更新任务状态\n- 截止日期：任务截止日期管理和提醒\n\n**技术亮点：**\n\n- 使用 React DnD 实现拖拽功能\n- Context API 实现全局状态管理\n- 响应式设计适配不同设备\n- 本地存储实现数据持久化\n\n### 3.3 留言互动模块\n\n提供用户间的留言互动功能，支持文字和图片留言。\n\n**核心功能：**\n\n- 留言发布：支持文字和图片留言\n- 留言展示：按时间倒序展示留言列表\n- 留言删除：用户可删除自己的留言\n- 留言回复：支持对留言进行回复\n- 分页加载：支持大量留言的分页展示\n- 实时更新：留言列表实时更新\n\n**技术亮点：**\n\n- RESTful API 与后端交互\n- FormData 实现图片上传\n- 乐观更新提升用户体验\n- 错误处理和用户提示\n\n### 3.4 即时通讯模块\n\n基于 WebSocket 的实时聊天功能，支持用户间的即时通讯。\n\n**核心功能：**\n\n- 实时聊天：基于 WebSocket 的双向通信\n- 消息推送：实时接收和发送消息\n- 表情支持：支持表情符号发送\n- 图片发送：支持图片消息发送\n- 聊天记录：本地缓存聊天历史\n- 在线状态：显示用户在线状态\n\n**技术亮点：**\n\n- WebSocket 协议实现实时通信\n- 心跳检测机制维护连接\n- 指数退避算法处理断线重连\n- localStorage 实现本地数据缓存\n\n### 3.5 工具服务模块\n\n提供纯前端的文件处理工具集，无需服务器支持。\n\n**核心功能：**\n\n- 图片压缩：智能压缩图片文件，支持多种格式\n- 视频压缩：视频文件压缩处理，支持分辨率和码率调整\n- 格式转换：文件格式转换，支持图片、视频、文本等多种格式\n- 批量处理：支持批量文件处理\n- 实时预览：处理结果实时预览\n\n**技术亮点：**\n\n- Canvas API 实现图像处理\n- MediaRecorder API 实现视频处理\n- Web Worker 实现后台计算\n- IndexedDB 存储大文件和中间结果\n\n### 3.6 主题系统模块\n\n提供高度可定制的主题系统，支持用户自定义主题。\n\n**核心功能：**\n\n- 内置主题：提供浅色和深色两种内置主题\n- 自定义主题：支持用户创建和导入自定义主题\n- 主题切换：实时切换不同主题\n- 主题导出：支持导出主题配置\n- 主题推荐：主题推荐和评分系统\n- 主题设计教程：提供主题设计教程文档\n\n**技术亮点：**\n\n- CSS 变量实现动态主题\n- TypeScript 接口定义主题结构\n- localStorage 实现主题持久化\n- 主题 SDK 提供主题管理 API\n\n## 四、网络技术深度应用\n\n### 4.1 HTTP/HTTPS 协议\n\n项目深度应用了 HTTP/HTTPS 协议：\n\n#### RESTful API 设计\n\n- **GET**：获取资源（文章列表、文章详情、留言列表等）\n- **POST**：创建资源（创建文章、发布留言等）\n- **PUT/PATCH**：更新资源（更新文章、修改任务等）\n- **DELETE**：删除资源（删除文章、删除留言等）\n\n#### 数据传输格式\n\n- **JSON**：主要的数据交换格式\n- **FormData**：文件上传使用 multipart/form-data 格式\n- **Content-Type**：内容协商，支持 application/json、text/plain 等\n\n#### HTTP 缓存策略\n\n- **ETag**：实体标签，实现条件请求\n- **Last-Modified**：最后修改时间，支持缓存验证\n- **Cache-Control**：缓存控制指令\n- **no-store**：敏感数据禁用缓存\n\n### 4.2 WebSocket 实时通信\n\n#### 连接建立\n\n- **协议升级**：从 HTTP/1.1 协议升级到 WebSocket 协议\n- **握手过程**：使用 HTTP Upgrade 机制\n- **加密连接**：使用 wss:// 加密连接\n\n#### 连接维护\n\n- **心跳检测**：每 30 秒发送一次心跳包\n- **连接保活**：保持连接活跃状态\n- **断线重连**：指数退避算法，最多尝试 10 次重连\n\n#### 消息传输\n\n- **双向通信**：支持客户端和服务器双向发送消息\n- **实时推送**：服务器主动推送消息到客户端\n- **消息格式**：JSON 格式的消息体\n\n### 4.3 身份认证与安全\n\n#### JWT 认证\n\n- **Token 生成**：服务器生成 JWT Token\n- **Token 存储**：localStorage 存储 Token\n- **Token 传递**：在请求头中携带 Authorization 字段\n- **Token 刷新**：支持 Token 自动刷新\n\n#### 安全防护\n\n- **HTTPS**：强制使用 HTTPS 加密传输\n- **HSTS**：HTTP Strict Transport Security\n- **CORS**：跨域资源共享配置\n- **CSRF**：跨站请求伪造防护\n- **XSS**：跨站脚本攻击防护（DOMPurify）\n- **CSP**：内容安全策略\n\n### 4.4 网络性能优化\n\n#### 请求优化\n\n- **请求合并**：合并多个请求减少网络往返\n- **批量操作**：支持批量更新和删除\n- **请求去重**：避免重复请求\n- **防抖节流**：控制请求频率\n\n#### 数据传输优化\n\n- **压缩传输**：支持 gzip 和 brotli 压缩\n- **增量更新**：只传输变化的数据\n- **分块传输**：大文件分块上传\n- **断点续传**：支持断点续传\n\n#### 缓存优化\n\n- **HTTP 缓存**：利用浏览器缓存\n- **Service Worker**：离线缓存和后台同步\n- **Cache API**：缓存静态资源\n- **IndexedDB**：缓存离线数据\n\n## 五、项目数据统计\n\n### 5.1 代码规模\n\n根据 Git 历史记录统计：\n\n- **总提交次数**：71 次\n- **追踪文件数**：75 个\n- **代码总行数**：26,011 行\n- **主要编程语言**：TypeScript、JavaScript、CSS\n\n### 5.2 功能模块统计\n\n- **核心功能模块**：6 个\n- **独立页面**：10+ 个\n- **通用组件**：20+ 个\n- **工具页面**：3 个\n\n### 5.3 技术栈统计\n\n- **前端框架**：React 19.2.0\n- **开发语言**：TypeScript 5.8.2\n- **构建工具**：Vite 6.2.0\n- **核心依赖**：15+ 个主要库\n- **开发依赖**：4 个\n\n## 六、项目特色与创新点\n\n### 6.1 技术创新\n\n#### 纯前端工具服务\n\n- **零服务器依赖**：工具模块完全在浏览器中运行\n- **隐私保护**：用户数据不上传到服务器\n- **性能优化**：减少网络传输，提升响应速度\n\n#### 高度可定制的主题系统\n\n- **动态主题**：支持实时切换主题\n- **自定义主题**：用户可创建和导入主题\n- **主题 SDK**：提供完整的主题开发工具包\n- **主题市场**：支持主题分享和推荐\n\n#### 智能压缩算法\n\n- **二分查找**：图片压缩质量优化\n- **自适应调整**：根据目标大小自动调整参数\n- **批量处理**：支持批量文件处理\n- **实时预览**：处理结果实时预览\n\n### 6.2 用户体验优化\n\n#### 响应式设计\n\n- **移动优先**：移动端优先的设计理念\n- **自适应布局**：自动适配不同屏幕尺寸\n- **触摸友好**：优化的触摸交互体验\n- **汉堡菜单**：移动端友好的导航菜单\n\n#### 性能优化\n\n- **代码分割**：路由级别的代码分割\n- **懒加载**：按需加载组件和页面\n- **图片优化**：图片懒加载和压缩\n- **缓存策略**：多层次的缓存优化\n\n#### 交互优化\n\n- **乐观更新**：先更新 UI 再发送请求\n- **加载状态**：清晰的加载状态提示\n- **错误处理**：友好的错误提示和恢复\n- **动画效果**：流畅的过渡动画\n\n### 6.3 安全性保障\n\n#### 数据安全\n\n- **加密传输**：HTTPS/TLS 加密传输\n- **输入验证**：严格的输入验证和过滤\n- **XSS 防护**：DOMPurify 净化 HTML\n- **CSRF 防护**：Token 验证和 SameSite Cookie\n\n#### 隐私保护\n\n- **本地处理**：敏感数据本地处理\n- **最小权限**：最小权限原则\n- **数据脱敏**：敏感信息脱敏显示\n- **隐私设置**：用户可控制隐私设置\n\n## 七、开发过程中的挑战与收获\n\n### 7.1 技术挑战\n\n#### 性能优化\n\n- **首屏加载速度**：通过代码分割、懒加载等技术优化\n- **大文件处理**：使用 Web Worker 和 IndexedDB 处理大文件\n- **实时通信**：WebSocket 连接维护和断线重连\n- **主题切换**：CSS 变量动态切换，避免页面重绘\n\n#### 功能实现\n\n- **Markdown 渲染**：集成 marked 和 DOMPurify，确保安全和性能\n- **代码高亮**：highlight.js 的正确集成和样式定制\n- **拖拽功能**：React DnD 的学习和应用\n- **文件上传**：FormData 和分块上传的实现\n\n### 7.2 项目管理\n\n#### 版本控制\n\n- **Git 工作流**：合理的分支管理和提交规范\n- **代码审查**：自我审查和持续改进\n- **文档维护**：及时更新项目文档\n- **版本发布**：规范的版本号管理和发布流程\n\n#### 时间管理\n\n- **功能优先级**：合理规划功能开发顺序\n- **迭代开发**：小步快跑，持续迭代\n- **问题解决**：快速定位和解决问题\n- **学习平衡**：在学习和开发之间找到平衡\n\n### 7.3 个人成长\n\n#### 技术能力\n\n- **前端技术**：深入理解 React、TypeScript、Vite\n- **网络协议**：掌握 HTTP、WebSocket、TLS 等\n- **性能优化**：学会多种性能优化技巧\n- **安全防护**：了解常见安全威胁和防护方法\n\n#### 工程能力\n\n- **架构设计**：学会合理的架构设计和模块划分\n- **代码质量**：注重代码的可读性、可维护性\n- **项目管理**：掌握项目规划和进度管理\n- **问题解决**：培养独立解决问题的能力\n\n## 八、未来规划\n\n- JUST KEEP GOING \n\n## 九、感谢与展望\n\n这一年的旅程，离不开许多人的支持和帮助：\n\n- **开源社区**：感谢所有开源项目的贡献者，让开发者能够站在巨人的肩膀上\n- **技术博客**：感谢无数技术博客的作者，分享宝贵的经验和知识\n\n## 十、结语\n\n一年的时光，见证了 My Blog 从一个简单的想法成长为一个功能完善的博客系统。这不仅仅是代码的积累，更是技术的沉淀、思维的成长和梦想的实现。\n\n感谢这一年来所有的挑战和困难，它们让我变得更加坚强和成熟。感谢所有的支持和鼓励，它们让我在迷茫时找到方向，在疲惫时重拾动力。\n\n未来，我将继续秉持初心，不断学习和进步，将 My Blog 打造成一个更加优秀的平台。我相信，只要坚持不懈，梦想终将实现。\n\n**My Blog，一周年快乐！**\n\n---\n\n**项目信息**\n\n- 项目名称：My Blog 5.0\n- 开发者：申志昊\n- 技术栈：React 19.2.0 + TypeScript 5.8.2 + Vite 6.2.0\n- 项目地址：github.com/sxxxzh/my_blog5.0\n- 在线地址：www.szhaovo.cn\n\n**统计数据**\n\n- 开发时长：1 年\n- 代码行数：26,011 行\n- 提交次数：71 次\n- 功能模块：6 个\n- 独立页面：10+ 个\n\n**纪念日期**：2026年4月30日','\n',char(10)),'published',1777561703,1777562086);
INSERT INTO "posts" ("id","user_id","title","content","status","created_at","updated_at") VALUES('e6654e2c-61a9-4b04-9e3f-2c6476c08840','admin-123456','大三的分水岭，也许真的掌握在自己手中',replace('# 大三的分水岭，也许真的掌握在自己手中\n\n现在的 AI 如此盛行，我不禁问自己：  \n还要不要死磕算法、深究语法的每一个细节、亲手逐行敲出代码？\n\n也许，我只需要知道有一个 `@xxx` 注解能带来某种效果——甚至不必记住这个单词，也不必事先知道是否存在某个注解或内置方法。  \n我只要向 AI 说一句：“我想达成 XXX 效果。”  \n它便会为我推荐合适的注解、给出实现方案、告诉我需要导入哪个依赖。\n\n从一无所知到弄明白怎么做，不过瞬息之间。  \n然后我只需简短地输入两个字：“执行。”  \n没过多久，一个原型就诞生了——甚至是一个可以直接上手的 V1 版本。\n\n于是我想：我该从何学起？还是说，根本不必再刻意“学起”？  \n我只需要每天去创造项目，不断尝试。  \n遇到困难时，不再像从前那样去 Google、去发帖，不再一字一句啃读那些难以立刻消化的信息。  \n我只需像日常聊天一样问一句：“请帮我解决这个问题……”\n\n这让我想起初三那年对未来的畅想。  \n我说，我将来想做游戏。那时候对技术一无所知，只知道我爱玩，但别人做的游戏总有不合我意的地方——所以我想做一款属于自己的游戏。  \n那时也从没想过要靠它盈利、靠它生活。\n\n而如今，我依然在学校里。不是初三，也不是高三——是大三。  \n没有中招，没有高考。那些我曾走过的所谓“山”，所谓“人生分水岭”，都已经留在身后。  \n但大三不一样。未来再也没有既定的方向可循，只剩下条条缠绕的路：考研、考公、就业。\n\n前两个方向，或许能给我一些曾经熟悉的感觉——那种靠明确规划就能抵达终点的感觉。  \n可我没有兴趣，也受够了。受够了枯燥的课本和课堂。  \n曾经我是被逼无奈，曾经我别无选择。  \n但现在，我想毅然决然地去选择就业，去追求一个也许能由自己把握的未来。  \n然后我发现：这不过是将曾经经历过的事情，换了个名字罢了。\n\n那么，回到最初的问题——  \n在 AI 盛行的当下，技术的学习成本变得廉价。  \n在这个大多数时候结果远重于过程的世界里，我似乎离初三那年的畅想越来越远：远在时间变得久远，远在觉得过去的自己多么幼稚。  \n可同时，我又觉得它越来越近：近在即使当年以为未来的目标不过是一句“下定决心”的宣言，现实却远比想象复杂——  \n而 AI 帮我大大降低了成本。我不再需要付出高昂的时间和金钱去学习，而是拥有了可以立刻开始的底气和希望。\n\n所以，我还是决定：也许我真的要去尝试，才不会遗憾。  \n去做一个属于自己的游戏。\n\n——《大三的分水岭，也许真的掌握在自己手中》  \n2026.5.21','\n',char(10)),'draft',1779322072,1779322072);
INSERT INTO "posts" ("id","user_id","title","content","status","created_at","updated_at") VALUES('c06fede0-d695-4ecd-aefd-1d11c675462a','admin-123456','Java数据接口底层关系',replace('· 类：有真实的继承链，最终都源于 Object。\n· 接口：没有继承链，只有扩展关系 (extends)，且与 Object 无关。\n\n下面是按你要求整理的架构图。\n\n1. 类继承架构图 (Class Hierarchy)\n\n这个图只展示类之间的继承关系，并注明每个类直接实现了哪些接口。\n\n```text\njava.lang.Object  (所有类的唯一根父类)\n    ▲\n    │\n    ├── 集合框架类\n    │   ├── AbstractCollection (implements Collection)\n    │   │   ├── AbstractList (implements List)\n    │   │   │   ├── ArrayList (implements List, RandomAccess, Cloneable, Serializable)\n    │   │   │   └── AbstractSequentialList\n    │   │   │       └── LinkedList (implements List, Deque, Cloneable, Serializable)\n    │   │   └── AbstractSet (implements Set)\n    │   │       └── HashSet (implements Set, Cloneable, Serializable)\n    │   │           └── LinkedHashSet (implements Set, Cloneable, Serializable)\n    │   └── 其他类\n    │       ├── Stack (extends Vector, implements ...)\n    │       └── ...\n    │\n    ├── Map 框架类\n    │   └── AbstractMap (implements Map)\n    │       ├── HashMap (implements Map, Cloneable, Serializable)\n    │       │   └── LinkedHashMap (implements Map)\n    │       └── TreeMap (implements NavigableMap, Cloneable, Serializable)\n    │\n    ├── 数组 (Array)\n    │   └── 直接继承 Object，没有显式的类定义，但会隐式实现 Cloneable 和 Serializable\n    │\n    ├── 包装类 & 常用类\n    │   ├── String (implements Serializable, Comparable<String>, CharSequence)\n    │   ├── Integer (extends Number, implements Comparable<Integer>)\n    │   ├── Long (extends Number, implements Comparable<Long>)\n    │   └── Boolean (implements Serializable, Comparable<Boolean>)\n    │\n    └── 其他根类\n        ├── Throwable (implements Serializable)   // 异常体系的根\n        └── Thread (implements Runnable)          // 线程类\n```\n\n2. 接口扩展架构图 (Interface Hierarchy)\n\n这个图只展示接口之间的扩展关系（extends），与 Object 完全无关。\n\n```text\n                    ┌────────────────────────────┐\n                    │      <<interface>>         │\n                    │        Iterable<T>         │\n                    │        +iterator()         │\n                    └────────────┬───────────────┘\n                                 │ extends\n                    ┌────────────▼───────────────┐\n                    │      <<interface>>         │\n                    │      Collection<E>         │\n                    │   +size(), +add(), ...     │\n                    └──┬──────────┬──────────┬───┘\n                       │ extends   │ extends  │ extends\n          ┌────────────▼──┐  ┌──────▼─────┐  ┌─▼───────────┐\n          │ <<interface>> │  │<<interface>>│  │<<interface>>│\n          │    List<E>    │  │   Set<E>    │  │   Queue<E>  │\n          └────────────┬──┘  └──────┬─────┘  └─────────────┘\n                       │             │ extends\n                       │             ▼\n                       │      ┌──────┴──────┐\n                       │      │<<interface>>│\n                       │      │ SortedSet<E>│\n                       │      └──────┬──────┘\n                       │             │ extends\n                       │      ┌──────▼──────┐\n                       │      │<<interface>>│\n                       │      │ NavigableSet│\n                       │      └─────────────┘\n                       │\n             ┌─────────▼─────────┐\n             │   <<interface>>   │\n             │    Deque<E>       │\n             │ (extends Queue)   │\n             └───────────────────┘\n\n    ┌─────────────────────────────────────────────────────────┐\n    │               独立的 Map 接口体系                        │\n    │                                                         │\n    │     <<interface>>                                       │\n    │        Map<K,V>                                         │\n    │        +put(), +get()                                   │\n    │            │ extends                                    │\n    │     ┌──────▼──────┐                                     │\n    │     │<<interface>>│                                     │\n    │     │ SortedMap<K,V│                                    │\n    │     └──────┬──────┘                                     │\n    │            │ extends                                    │\n    │     ┌──────▼──────┐                                     │\n    │     │<<interface>>│                                     │\n    │     │NavigableMap│                                      │\n    │     └─────────────┘                                     │\n    └─────────────────────────────────────────────────────────┘\n```\n\n关键结论\n\n1. 类和 Object：所有类（包括数组、集合、自定义类）都有唯一且确定的继承路径，终点是 Object。\n2. 接口和 Object：接口之间只有 extends 关系，不涉及 Object。接口不能继承类，也不被视为 Object 的子类型。\n3. 为什么接口变量能调用 Object 方法？\n       这是 Java 语法的特殊规则，允许接口类型的变量调用 Object 中的 toString()、equals() 等方法，但实际上运行时会调用具体实现类（从 Object 继承或重写）的版本。接口本身并不拥有这些方法。','\n',char(10)),'published',1779559614,1779559651);
CREATE TABLE comments (
  id TEXT PRIMARY KEY,
  post_id TEXT NOT NULL,
  user_id TEXT NOT NULL,
  content TEXT NOT NULL,
  created_at INTEGER NOT NULL,
  updated_at INTEGER NOT NULL, parent_id TEXT DEFAULT NULL,
  FOREIGN KEY (post_id) REFERENCES posts(id),
  FOREIGN KEY (user_id) REFERENCES users(id)
);
INSERT INTO "comments" ("id","post_id","user_id","content","created_at","updated_at","parent_id") VALUES('56f8fc74-fc58-4992-9219-9302dc44cee5','52153f91-1c0d-487f-83a8-b7eaf3429ac9','b7abc0b9-a7d9-4647-bbe4-6086a5873478','牛波一',1742820744,1742820744,NULL);
INSERT INTO "comments" ("id","post_id","user_id","content","created_at","updated_at","parent_id") VALUES('07171acc-0a72-4494-b90c-d3a3e3723337','3ed57291-0045-46cb-8eae-6aa228c19f72','admin-123456','痛..太痛了😢',1742867868,1742867868,NULL);
INSERT INTO "comments" ("id","post_id","user_id","content","created_at","updated_at","parent_id") VALUES('308c719b-3ac4-4214-b4e3-b3825d195a40','3f2850c0-283a-49fa-9436-a78ca68fe673','admin-123456','是的，文案是ai写的🤣',1743060445,1743060445,NULL);
INSERT INTO "comments" ("id","post_id","user_id","content","created_at","updated_at","parent_id") VALUES('501dde7b-bb2f-4df2-a3a0-d18582676766','42a9de6c-0135-4f0f-a25c-5bf9bc890a1b','admin-123456','那对么，铁铁😱',1743067221,1743067221,NULL);
INSERT INTO "comments" ("id","post_id","user_id","content","created_at","updated_at","parent_id") VALUES('e19fb3b0-0d69-45c0-864d-626088a91e2f','3f2850c0-283a-49fa-9436-a78ca68fe673','cca830a8-4eec-4163-9c46-91f2ee045052','蹦极么，有点意思🤨',1743067366,1743067366,NULL);
INSERT INTO "comments" ("id","post_id","user_id","content","created_at","updated_at","parent_id") VALUES('d01c7fff-7cec-4dd6-97fe-8eb9d095fc21','3f2850c0-283a-49fa-9436-a78ca68fe673','b7abc0b9-a7d9-4647-bbe4-6086a5873478','可爱捏',1743067667,1743067667,NULL);
INSERT INTO "comments" ("id","post_id","user_id","content","created_at","updated_at","parent_id") VALUES('5c472fae-40a0-4ed4-81a6-c6e296d4462e','b3b29ea7-b438-4828-932e-d95fd5173344','admin-123456','为什么全是中文歌，阳光酱😡',1743068137,1743068137,NULL);
INSERT INTO "comments" ("id","post_id","user_id","content","created_at","updated_at","parent_id") VALUES('5836ca7c-acaa-41b2-b2c6-712c4962ceca','b3b29ea7-b438-4828-932e-d95fd5173344','b7abc0b9-a7d9-4647-bbe4-6086a5873478','豪庭🤓',1743068163,1743068163,NULL);
INSERT INTO "comments" ("id","post_id","user_id","content","created_at","updated_at","parent_id") VALUES('bf1bdfe5-57f6-4e56-b0ee-7b23e1bb7ead','aaa2fad5-e6da-4cf3-82e7-f814932893cc','cca830a8-4eec-4163-9c46-91f2ee045052','太帅了😁',1744194353,1744194353,NULL);
INSERT INTO "comments" ("id","post_id","user_id","content","created_at","updated_at","parent_id") VALUES('679f7aaa-51be-4d0c-a6da-a336bc9c30b4','42a9de6c-0135-4f0f-a25c-5bf9bc890a1b','a5d905bf-4163-4581-86ad-5bc24df98db0','666',1750284529,1750284529,NULL);
INSERT INTO "comments" ("id","post_id","user_id","content","created_at","updated_at","parent_id") VALUES('fdf1bcee-d71c-4da1-bbb7-ec401593e360','e502ce05-63ad-4abf-bed0-6ad1371fc489','admin-123456','0v0',1750360796,1750360796,NULL);
INSERT INTO "comments" ("id","post_id","user_id","content","created_at","updated_at","parent_id") VALUES('058a8238-b046-4080-94aa-047f6c30e711','6a805ebe-5f33-4042-8b00-c3e0aa146106','b7abc0b9-a7d9-4647-bbe4-6086a5873478',replace('厉害厉害\n','\n',char(10)),1752276801,1752276801,NULL);
INSERT INTO "comments" ("id","post_id","user_id","content","created_at","updated_at","parent_id") VALUES('a8f29523-1131-4879-9dbb-440ac025d135','97f771e3-71d9-4f85-bc82-54104b8a6668','admin-123456','666',1762986079,1762986079,NULL);
INSERT INTO "comments" ("id","post_id","user_id","content","created_at","updated_at","parent_id") VALUES('1051ffd6-dafb-47f0-94b3-86a5a40eb6f9','7c0a03da-ea3d-487a-b05c-d45f2bae42ec','admin-123456','测试安卓评论',1763050553,1763050553,NULL);
INSERT INTO "comments" ("id","post_id","user_id","content","created_at","updated_at","parent_id") VALUES('863c4fb7-dba0-49cc-833a-8cc00ee16fac','aaa2fad5-e6da-4cf3-82e7-f814932893cc','b7abc0b9-a7d9-4647-bbe4-6086a5873478','看鹰了',1763066915,1763066915,NULL);
INSERT INTO "comments" ("id","post_id","user_id","content","created_at","updated_at","parent_id") VALUES('d99e4407-92da-43b5-bd44-f91e07943b56','95d8cbff-b1c9-4dbc-a779-09f89d8b3e3e','admin-123456','重构后的博客评论测试',1764722398,1764722398,NULL);
INSERT INTO "comments" ("id","post_id","user_id","content","created_at","updated_at","parent_id") VALUES('3033a6ff-9fc2-42b8-ac4a-a42e38f484cd','59e9b43f-ecdd-4634-9722-d656f40ebdb0','b7abc0b9-a7d9-4647-bbe4-6086a5873478','🀄️',1764723825,1764723825,NULL);
INSERT INTO "comments" ("id","post_id","user_id","content","created_at","updated_at","parent_id") VALUES('18fbd7c6-75a8-4788-8d8a-90529a972b3e','59e9b43f-ecdd-4634-9722-d656f40ebdb0','b7abc0b9-a7d9-4647-bbe4-6086a5873478','什么时候出🈷️跑功能',1764723866,1764723866,NULL);
INSERT INTO "comments" ("id","post_id","user_id","content","created_at","updated_at","parent_id") VALUES('ca355795-543d-4267-b4c1-653650e04dc3','59e9b43f-ecdd-4634-9722-d656f40ebdb0','admin-123456','这功能可不行出😢，明天搞个评论回复和留言回复功能',1764723933,1764723933,NULL);
INSERT INTO "comments" ("id","post_id","user_id","content","created_at","updated_at","parent_id") VALUES('88caea2f-5226-480b-8b7c-3af1baf0dc6f','59e9b43f-ecdd-4634-9722-d656f40ebdb0','admin-123456','测试更新后的评论功能',1764868419,1764868419,NULL);
INSERT INTO "comments" ("id","post_id","user_id","content","created_at","updated_at","parent_id") VALUES('be097eb6-f4d1-44fd-a95d-321a7fc0a56d','00c3f60e-1b38-4944-9233-b4107dd7f375','admin-123456','累飞了，明天继续',1764895477,1764895477,NULL);
INSERT INTO "comments" ("id","post_id","user_id","content","created_at","updated_at","parent_id") VALUES('2dcac018-3b59-446d-b20a-306bdd58f52e','59e9b43f-ecdd-4634-9722-d656f40ebdb0','admin-123456','？？？？？？？？',1765064258,1765064258,'3033a6ff-9fc2-42b8-ac4a-a42e38f484cd');
INSERT INTO "comments" ("id","post_id","user_id","content","created_at","updated_at","parent_id") VALUES('c1f41ec4-a011-47c3-adf3-08528e321257','59e9b43f-ecdd-4634-9722-d656f40ebdb0','admin-123456','回复回复的回复',1765065324,1765065324,'2dcac018-3b59-446d-b20a-306bdd58f52e');
INSERT INTO "comments" ("id","post_id","user_id","content","created_at","updated_at","parent_id") VALUES('86e5f479-837a-401a-b116-75351e02f1b5','7aba118a-527e-4992-b72e-34991735e9f1','cca830a8-4eec-4163-9c46-91f2ee045052','这个功能太NB了（我是博主的小号，不是本人）',1765068366,1765068366,NULL);
INSERT INTO "comments" ("id","post_id","user_id","content","created_at","updated_at","parent_id") VALUES('7b30779e-46e0-4d42-a509-3e083f5c8e1c','7aba118a-527e-4992-b72e-34991735e9f1','admin-123456','我也这么觉得',1765068401,1765068401,'86e5f479-837a-401a-b116-75351e02f1b5');
INSERT INTO "comments" ("id","post_id","user_id","content","created_at","updated_at","parent_id") VALUES('72c73aa9-6a2e-49ba-b232-7366a1746832','59e9b43f-ecdd-4634-9722-d656f40ebdb0','admin-123456','😁',1765079632,1765079632,'18fbd7c6-75a8-4788-8d8a-90529a972b3e');
INSERT INTO "comments" ("id","post_id","user_id","content","created_at","updated_at","parent_id") VALUES('1647d26b-733d-4676-98e6-5fc761715978','f824b331-66ac-4503-9763-15e1d748892a','admin-123456','grok没看到我的中英切换吗👿',1765080520,1765080520,NULL);
INSERT INTO "comments" ("id","post_id","user_id","content","created_at","updated_at","parent_id") VALUES('28735716-c9de-4b59-ac18-157d6cb5b194','7aba118a-527e-4992-b72e-34991735e9f1','admin-123456','测试新版本安卓回复',1768840280,1768840280,'86e5f479-837a-401a-b116-75351e02f1b5');
INSERT INTO "comments" ("id","post_id","user_id","content","created_at","updated_at","parent_id") VALUES('b379a52c-e15f-44ee-8ae9-1847a8c79356','f824b331-66ac-4503-9763-15e1d748892a','admin-123456','测试新版本回复功能',1768861286,1768861286,'1647d26b-733d-4676-98e6-5fc761715978');
INSERT INTO "comments" ("id","post_id","user_id","content","created_at","updated_at","parent_id") VALUES('415db254-96a0-465e-9b08-4a9706db7a3e','b3b29ea7-b438-4828-932e-d95fd5173344','admin-123456','真的假的😁',1769017862,1769017862,'5836ca7c-acaa-41b2-b2c6-712c4962ceca');
INSERT INTO "comments" ("id","post_id","user_id","content","created_at","updated_at","parent_id") VALUES('908d498b-e1b2-4460-9a57-1d971d0fb64c','3ed57291-0045-46cb-8eae-6aa228c19f72','admin-123456','轻舟已过万重山',1769019570,1769019570,'07171acc-0a72-4494-b90c-d3a3e3723337');
CREATE TABLE files (
  id TEXT PRIMARY KEY,
  user_id TEXT NOT NULL,
  post_id TEXT,
  filename TEXT NOT NULL,
  path TEXT NOT NULL,
  size INTEGER NOT NULL,
  type TEXT NOT NULL, -- 'image', 'video', 'document'
  created_at INTEGER NOT NULL, duration INTEGER,
  FOREIGN KEY (user_id) REFERENCES users(id),
  FOREIGN KEY (post_id) REFERENCES posts(id)
);
INSERT INTO "files" ("id","user_id","post_id","filename","path","size","type","created_at","duration") VALUES('bac95809-77cc-4a9d-8ec5-61fb2381b646','admin-123456','52153f91-1c0d-487f-83a8-b7eaf3429ac9','蛋仔糕手.png','admin-123456/bac95809-77cc-4a9d-8ec5-61fb2381b646/蛋仔糕手.png',30766,'image',1742805163,NULL);
INSERT INTO "files" ("id","user_id","post_id","filename","path","size","type","created_at","duration") VALUES('bc436900-bf75-4a7f-9927-08cb3af21c0c','admin-123456','3ed57291-0045-46cb-8eae-6aa228c19f72','首页.png','admin-123456/bc436900-bf75-4a7f-9927-08cb3af21c0c/首页.png',3138875,'image',1742858794,NULL);
INSERT INTO "files" ("id","user_id","post_id","filename","path","size","type","created_at","duration") VALUES('44a65ccd-354a-4867-904d-ce25d83ae92d','admin-123456','db7bbf7e-3152-4ebe-9bc0-025406064a60','Screenshot_2025-03-04-00-10-14-893_com.bytedance.dreamina-edit.jpg','admin-123456/44a65ccd-354a-4867-904d-ce25d83ae92d/Screenshot_2025-03-04-00-10-14-893_com.bytedance.dreamina-edit.jpg',347634,'image',1742946335,NULL);
INSERT INTO "files" ("id","user_id","post_id","filename","path","size","type","created_at","duration") VALUES('974f77c2-c364-4eb3-8457-2d9f5d53be2b','admin-123456',NULL,'mmexport1742977595863.jpg','admin-123456/974f77c2-c364-4eb3-8457-2d9f5d53be2b/mmexport1742977595863.jpg',8766956,'image',1743059935,NULL);
INSERT INTO "files" ("id","user_id","post_id","filename","path","size","type","created_at","duration") VALUES('7e307a23-f1b8-47f3-b8ba-16aa4e746322','admin-123456',NULL,'wx_camera_1742972541940.jpg','admin-123456/7e307a23-f1b8-47f3-b8ba-16aa4e746322/wx_camera_1742972541940.jpg',1285319,'image',1743060140,NULL);
INSERT INTO "files" ("id","user_id","post_id","filename","path","size","type","created_at","duration") VALUES('187f2057-a684-4048-b76f-39246fcb27af','admin-123456','42a9de6c-0135-4f0f-a25c-5bf9bc890a1b','Desktop 2024.10.13 - 01.20.14.04-compressed.webm','admin-123456/187f2057-a684-4048-b76f-39246fcb27af/Desktop 2024.10.13 - 01.20.14.04-compressed.webm',2473619,'video',1743100577,23.9);
INSERT INTO "files" ("id","user_id","post_id","filename","path","size","type","created_at","duration") VALUES('3c1c116e-fec9-420f-8365-d9b070278180','admin-123456','3f2850c0-283a-49fa-9436-a78ca68fe673','mmexport1742992470895-compressed.webm','admin-123456/3c1c116e-fec9-420f-8365-d9b070278180/mmexport1742992470895-compressed.webm',8141719,'video',1743181490,45.4);
INSERT INTO "files" ("id","user_id","post_id","filename","path","size","type","created_at","duration") VALUES('e6407a68-0b06-4689-9491-17af797a5f01','admin-123456','3f2850c0-283a-49fa-9436-a78ca68fe673','mmexport1742997767821-compressed.webm','admin-123456/e6407a68-0b06-4689-9491-17af797a5f01/mmexport1742997767821-compressed.webm',17402096,'video',1743183665,105.5);
INSERT INTO "files" ("id","user_id","post_id","filename","path","size","type","created_at","duration") VALUES('13dd4b0f-a2d6-4c55-bdfd-c396ecd421b4','admin-123456','52153f91-1c0d-487f-83a8-b7eaf3429ac9','文档.md','admin-123456/13dd4b0f-a2d6-4c55-bdfd-c396ecd421b4/文档.md',21499,'document',1744193227,NULL);
INSERT INTO "files" ("id","user_id","post_id","filename","path","size","type","created_at","duration") VALUES('728b29b6-bd85-4181-b6a7-f7091aae4b7a','admin-123456','aaa2fad5-e6da-4cf3-82e7-f814932893cc','抖音-记录美好生活-compressed.webm','admin-123456/728b29b6-bd85-4181-b6a7-f7091aae4b7a/抖音-记录美好生活-compressed.webm',15795530,'video',1744194004,88.7);
INSERT INTO "files" ("id","user_id","post_id","filename","path","size","type","created_at","duration") VALUES('3eaac6f0-2f43-48b4-bf00-7d179f34aa86','admin-123456',NULL,'chat.jpg','admin-123456/3eaac6f0-2f43-48b4-bf00-7d179f34aa86/chat.jpg',9727,'image',1744423647,NULL);
INSERT INTO "files" ("id","user_id","post_id","filename","path","size","type","created_at","duration") VALUES('3cbbc6d2-14ed-4a62-ae25-3bc143463a00','admin-123456','e502ce05-63ad-4abf-bed0-6ad1371fc489','README.md','admin-123456/3cbbc6d2-14ed-4a62-ae25-3bc143463a00/README.md',2395,'document',1744423715,NULL);
INSERT INTO "files" ("id","user_id","post_id","filename","path","size","type","created_at","duration") VALUES('47b67025-d7fd-4e67-86b1-5b6f5632dabb','admin-123456',NULL,'微信图片_20240615190613.jpg','admin-123456/47b67025-d7fd-4e67-86b1-5b6f5632dabb/微信图片_20240615190613.jpg',180953,'image',1744435038,NULL);
INSERT INTO "files" ("id","user_id","post_id","filename","path","size","type","created_at","duration") VALUES('39bac9ac-d98a-4428-9cb8-f0cffaebf263','admin-123456',NULL,'微信图片_20231130230642.png','admin-123456/39bac9ac-d98a-4428-9cb8-f0cffaebf263/微信图片_20231130230642.png',2491,'image',1744436040,NULL);
INSERT INTO "files" ("id","user_id","post_id","filename","path","size","type","created_at","duration") VALUES('2d3ccee2-998a-4554-b124-20351c8e7c02','admin-123456',NULL,'微信图片_20240615190617.jpg','admin-123456/2d3ccee2-998a-4554-b124-20351c8e7c02/微信图片_20240615190617.jpg',3859,'image',1744437607,NULL);
INSERT INTO "files" ("id","user_id","post_id","filename","path","size","type","created_at","duration") VALUES('4de88232-a4e3-4328-b774-80693640e588','a10fd481-2739-4f39-976e-7c9a2a5e1469',NULL,'1000045396.png','a10fd481-2739-4f39-976e-7c9a2a5e1469/4de88232-a4e3-4328-b774-80693640e588/1000045396.png',2990,'image',1744437662,NULL);
INSERT INTO "files" ("id","user_id","post_id","filename","path","size","type","created_at","duration") VALUES('156b4d73-73b2-4603-98b3-dd89fda861dc','2f2b18c0-2c52-4461-b623-01a5f281c9b7',NULL,'1744438780889.jpg','2f2b18c0-2c52-4461-b623-01a5f281c9b7/156b4d73-73b2-4603-98b3-dd89fda861dc/1744438780889.jpg',4175,'image',1744467589,NULL);
INSERT INTO "files" ("id","user_id","post_id","filename","path","size","type","created_at","duration") VALUES('7e73f341-87af-494d-a506-eebebdb6e9c5','a5d905bf-4163-4581-86ad-5bc24df98db0',NULL,'屏幕截图 2025-06-18 165747.png','a5d905bf-4163-4581-86ad-5bc24df98db0/7e73f341-87af-494d-a506-eebebdb6e9c5/屏幕截图 2025-06-18 165747.png',2149,'image',1750284428,NULL);
INSERT INTO "files" ("id","user_id","post_id","filename","path","size","type","created_at","duration") VALUES('48576902-f693-4fe0-86d4-1f32dc57bfb6','admin-123456','9da7258c-4d97-41bc-9e8a-69f2b858becc','PixPin_2025-07-11_19-23-20.png','admin-123456/48576902-f693-4fe0-86d4-1f32dc57bfb6/PixPin_2025-07-11_19-23-20.png',11308,'image',1752261833,NULL);
INSERT INTO "files" ("id","user_id","post_id","filename","path","size","type","created_at","duration") VALUES('e39a582a-d820-4a4c-96e5-0872b41ce4e7','admin-123456','6a805ebe-5f33-4042-8b00-c3e0aa146106','Tomb Raider  Anniversary 2025.07.11 - 20.15.21.01-compressed.webm','admin-123456/e39a582a-d820-4a4c-96e5-0872b41ce4e7/Tomb Raider  Anniversary 2025.07.11 - 20.15.21.01-compressed.webm',4783780,'video',1752265207,29.7);
INSERT INTO "files" ("id","user_id","post_id","filename","path","size","type","created_at","duration") VALUES('ce938ee4-0a2f-41b3-95fa-5c0bbbf97721','admin-123456',NULL,'MyApplication.zip','admin-123456/ce938ee4-0a2f-41b3-95fa-5c0bbbf97721/MyApplication.zip',8559742,'document',1760465843,NULL);
INSERT INTO "files" ("id","user_id","post_id","filename","path","size","type","created_at","duration") VALUES('ac68345d-0dff-4d1b-9757-abc816cfd3ee','admin-123456','97f771e3-71d9-4f85-bc82-54104b8a6668','PixPin_2025-10-19_01-28-27.png','admin-123456/ac68345d-0dff-4d1b-9757-abc816cfd3ee/PixPin_2025-10-19_01-28-27.png',19847,'image',1760841197,NULL);
INSERT INTO "files" ("id","user_id","post_id","filename","path","size","type","created_at","duration") VALUES('bf3648b2-7ef2-4409-914b-902bcd15c6d6','admin-123456',NULL,'Counter-strike 2 Screenshot 2025.05.14 - 21.29.16.94.jpg','admin-123456/bf3648b2-7ef2-4409-914b-902bcd15c6d6/Counter-strike 2 Screenshot 2025.05.14 - 21.29.16.94.jpg',9231,'image',1763327689,NULL);
INSERT INTO "files" ("id","user_id","post_id","filename","path","size","type","created_at","duration") VALUES('f49b217b-e9b5-4afd-9a93-3352f6e45e83','admin-123456',NULL,'Counter-strike 2 Screenshot 2025.05.14 - 21.32.26.79.jpg','admin-123456/f49b217b-e9b5-4afd-9a93-3352f6e45e83/Counter-strike 2 Screenshot 2025.05.14 - 21.32.26.79.jpg',8354,'image',1763327835,NULL);
INSERT INTO "files" ("id","user_id","post_id","filename","path","size","type","created_at","duration") VALUES('4ed0722c-53b6-4707-a756-b127e7189d58','admin-123456',NULL,'Counter-strike 2 Screenshot 2025.05.14 - 21.29.16.94.jpg','admin-123456/4ed0722c-53b6-4707-a756-b127e7189d58/Counter-strike 2 Screenshot 2025.05.14 - 21.29.16.94.jpg',9231,'image',1763328026,NULL);
INSERT INTO "files" ("id","user_id","post_id","filename","path","size","type","created_at","duration") VALUES('3c25ec88-f7c3-44f7-8b4c-708a01ef146f','admin-123456',NULL,'Counter-strike 2 Screenshot 2025.05.14 - 21.29.16.94.jpg','admin-123456/3c25ec88-f7c3-44f7-8b4c-708a01ef146f/Counter-strike 2 Screenshot 2025.05.14 - 21.29.16.94.jpg',9231,'image',1763328165,NULL);
INSERT INTO "files" ("id","user_id","post_id","filename","path","size","type","created_at","duration") VALUES('386bf769-7f2b-45d0-8487-ffff39e02df0','admin-123456',NULL,'Counter-strike 2 Screenshot 2025.05.14 - 21.32.26.79.jpg','admin-123456/386bf769-7f2b-45d0-8487-ffff39e02df0/Counter-strike 2 Screenshot 2025.05.14 - 21.32.26.79.jpg',8354,'image',1763328342,NULL);
INSERT INTO "files" ("id","user_id","post_id","filename","path","size","type","created_at","duration") VALUES('1f78ff5d-be41-46bc-a0ee-5abee4ca1adb','admin-123456',NULL,'Counter-strike 2 Screenshot 2025.05.14 - 21.32.26.79.jpg','admin-123456/1f78ff5d-be41-46bc-a0ee-5abee4ca1adb/Counter-strike 2 Screenshot 2025.05.14 - 21.32.26.79.jpg',8354,'image',1763328613,NULL);
INSERT INTO "files" ("id","user_id","post_id","filename","path","size","type","created_at","duration") VALUES('855f8bc9-b3a6-4297-8e42-81dd04acc0d0','admin-123456',NULL,'Counter-strike 2 Screenshot 2025.05.14 - 21.32.26.79.jpg','admin-123456/855f8bc9-b3a6-4297-8e42-81dd04acc0d0/Counter-strike 2 Screenshot 2025.05.14 - 21.32.26.79.jpg',4824,'image',1763330358,NULL);
INSERT INTO "files" ("id","user_id","post_id","filename","path","size","type","created_at","duration") VALUES('5e66d71e-78e5-482f-b89e-5b96c9b2b6da','admin-123456',NULL,'Counter-strike 2 Screenshot 2025.05.14 - 21.29.16.94.jpg','admin-123456/5e66d71e-78e5-482f-b89e-5b96c9b2b6da/Counter-strike 2 Screenshot 2025.05.14 - 21.29.16.94.jpg',4019,'image',1763330542,NULL);
INSERT INTO "files" ("id","user_id","post_id","filename","path","size","type","created_at","duration") VALUES('898c9c17-f4eb-43fe-8cf2-7278e7a19b11','admin-123456',NULL,'Desktop Screenshot 2025.11.06 - 17.11.42.64.jpg','admin-123456/898c9c17-f4eb-43fe-8cf2-7278e7a19b11/Desktop Screenshot 2025.11.06 - 17.11.42.64.jpg',4810,'image',1763331055,NULL);
INSERT INTO "files" ("id","user_id","post_id","filename","path","size","type","created_at","duration") VALUES('de0abf83-77a6-4b69-b25c-f37ca56032e9','admin-123456',NULL,'opengl.txt','admin-123456/de0abf83-77a6-4b69-b25c-f37ca56032e9/opengl.txt',19188,'document',1763331606,NULL);
INSERT INTO "files" ("id","user_id","post_id","filename","path","size","type","created_at","duration") VALUES('0261cd6a-7738-4295-87f7-e33936425bb6','admin-123456',NULL,'android_1763306015928.jpg','admin-123456/0261cd6a-7738-4295-87f7-e33936425bb6/android_1763306015928.jpg',12473,'image',1763334822,NULL);
INSERT INTO "files" ("id","user_id","post_id","filename","path","size","type","created_at","duration") VALUES('6a1cb32f-8a98-4bfc-90d7-b018ad9e29b7','admin-123456',NULL,'android_1763308382836.jpg','admin-123456/6a1cb32f-8a98-4bfc-90d7-b018ad9e29b7/android_1763308382836.jpg',4703,'image',1763337188,NULL);
INSERT INTO "files" ("id","user_id","post_id","filename","path","size","type","created_at","duration") VALUES('d891308c-2f24-4ba6-808e-3051af84d604','admin-123456',NULL,'android_1763308737562.jpg','admin-123456/d891308c-2f24-4ba6-808e-3051af84d604/android_1763308737562.jpg',4408,'image',1763337540,NULL);
INSERT INTO "files" ("id","user_id","post_id","filename","path","size","type","created_at","duration") VALUES('8421888d-9576-4767-8e9d-72fd235f3c8b','admin-123456',NULL,'Desktop Screenshot 2025.11.06 - 17.11.42.64.jpg','admin-123456/8421888d-9576-4767-8e9d-72fd235f3c8b/Desktop Screenshot 2025.11.06 - 17.11.42.64.jpg',4810,'image',1763337690,NULL);
INSERT INTO "files" ("id","user_id","post_id","filename","path","size","type","created_at","duration") VALUES('e0c72427-18d7-4a33-a510-c96699d17054','admin-123456',NULL,'android_1763354603524.jpg','admin-123456/e0c72427-18d7-4a33-a510-c96699d17054/android_1763354603524.jpg',4482,'image',1763383405,NULL);
INSERT INTO "files" ("id","user_id","post_id","filename","path","size","type","created_at","duration") VALUES('5cc16115-7a7f-4d42-a155-05a1f8b884d5','admin-123456',NULL,'android_1763372068985.jpg','admin-123456/5cc16115-7a7f-4d42-a155-05a1f8b884d5/android_1763372068985.jpg',4812,'image',1763400900,NULL);
INSERT INTO "files" ("id","user_id","post_id","filename","path","size","type","created_at","duration") VALUES('712f8f3a-41b0-4ee7-a2fa-dc2869a093e3','b7abc0b9-a7d9-4647-bbe4-6086a5873478',NULL,'IMG_2063.jpg','b7abc0b9-a7d9-4647-bbe4-6086a5873478/712f8f3a-41b0-4ee7-a2fa-dc2869a093e3/IMG_2063.jpg',4640,'image',1764723257,NULL);
INSERT INTO "files" ("id","user_id","post_id","filename","path","size","type","created_at","duration") VALUES('0bd20364-7f87-49bb-87fe-c251578dd6aa','admin-123456',NULL,'1000197610.jpg','admin-123456/0bd20364-7f87-49bb-87fe-c251578dd6aa/1000197610.jpg',131170,'image',1769014312,NULL);
INSERT INTO "files" ("id","user_id","post_id","filename","path","size","type","created_at","duration") VALUES('b672d15b-34c1-4b11-8243-e7159c7874d3','admin-123456',NULL,'1000197465.png','admin-123456/b672d15b-34c1-4b11-8243-e7159c7874d3/1000197465.png',103573,'image',1769020406,NULL);
INSERT INTO "files" ("id","user_id","post_id","filename","path","size","type","created_at","duration") VALUES('9ed5eb0c-82eb-4e6e-863a-8d34ce296c4b','admin-123456',NULL,'index.gif','admin-123456/9ed5eb0c-82eb-4e6e-863a-8d34ce296c4b/index.gif',4118135,'image',1769351985,NULL);
CREATE TABLE d1_migrations(
		id         INTEGER PRIMARY KEY AUTOINCREMENT,
		name       TEXT UNIQUE,
		applied_at TIMESTAMP DEFAULT CURRENT_TIMESTAMP NOT NULL
);
INSERT INTO "d1_migrations" ("id","name","applied_at") VALUES(1,'0001_add_messages_table.sql','2025-03-24 14:21:09');
INSERT INTO "d1_migrations" ("id","name","applied_at") VALUES(2,'0002_add_tags_table.sql','2025-03-27 05:27:51');
INSERT INTO "d1_migrations" ("id","name","applied_at") VALUES(3,'0003_add_video_duration.sql','2025-03-27 10:25:35');
CREATE TABLE messages (
  id TEXT PRIMARY KEY,
  user_id TEXT NOT NULL,
  content TEXT NOT NULL,
  image_path TEXT,
  created_at INTEGER NOT NULL,
  updated_at INTEGER NOT NULL, parent_id TEXT DEFAULT NULL,
  FOREIGN KEY (user_id) REFERENCES users(id) ON DELETE CASCADE
);
INSERT INTO "messages" ("id","user_id","content","image_path","created_at","updated_at","parent_id") VALUES('2a064693-9914-4f6c-afa6-50a493798e5b','b7abc0b9-a7d9-4647-bbe4-6086a5873478','🌚🌚🌚',NULL,1742859998,1742859998,NULL);
INSERT INTO "messages" ("id","user_id","content","image_path","created_at","updated_at","parent_id") VALUES('03fc3534-ea03-497d-b8a4-9c487f00ff18','admin-123456','😌我是蛋仔高手','messages/03fc3534-ea03-497d-b8a4-9c487f00ff18/1000045396.png',1742860049,1742860049,NULL);
INSERT INTO "messages" ("id","user_id","content","image_path","created_at","updated_at","parent_id") VALUES('12a488ec-e850-443c-9e1c-d25a9404668d','b7abc0b9-a7d9-4647-bbe4-6086a5873478','六百六十六','messages/12a488ec-e850-443c-9e1c-d25a9404668d/IMG_9846.jpeg',1742863362,1742863362,NULL);
INSERT INTO "messages" ("id","user_id","content","image_path","created_at","updated_at","parent_id") VALUES('12c8e58d-7ed2-47bf-91a8-b537056bc600','ce84ae6e-dc59-4512-a2dd-81808de395cb','牛逼','messages/12c8e58d-7ed2-47bf-91a8-b537056bc600/1000045406.jpg',1742865477,1742865477,NULL);
INSERT INTO "messages" ("id","user_id","content","image_path","created_at","updated_at","parent_id") VALUES('2be52983-6db0-43e4-ae6f-b69bd49e774f','cb29702d-c64f-4844-a760-104dd8adc01e','可以啊，登录整挺好，界面还有待优化，为啥照片不能超过 5mb 啊','messages/2be52983-6db0-43e4-ae6f-b69bd49e774f/1000006726.jpg',1742867028,1742867028,NULL);
INSERT INTO "messages" ("id","user_id","content","image_path","created_at","updated_at","parent_id") VALUES('166c850a-f661-4007-9a1b-40142e57f1b4','admin-123456','测试压缩第二次','messages/166c850a-f661-4007-9a1b-40142e57f1b4/Desktop Screenshot 2024.10.20 - 01.15.29.96.png',1743089997,1743089997,NULL);
INSERT INTO "messages" ("id","user_id","content","image_path","created_at","updated_at","parent_id") VALUES('65a91ee7-f70e-43ed-9ccc-9adec448926f','2f2b18c0-2c52-4461-b623-01a5f281c9b7','永劫无间太好玩了','messages/65a91ee7-f70e-43ed-9ccc-9adec448926f/2025-03-27_19.51.55.jpg',1743105140,1743105140,NULL);
INSERT INTO "messages" ("id","user_id","content","image_path","created_at","updated_at","parent_id") VALUES('4c9854ea-a403-44d5-b5a5-0e675c092066','86f480b9-f7ff-44a7-aafa-a693eaa9e5bc','太库了🤠',NULL,1743250668,1743250668,NULL);
INSERT INTO "messages" ("id","user_id","content","image_path","created_at","updated_at","parent_id") VALUES('f5acd788-8370-4843-98ab-3b17ae011799','b7abc0b9-a7d9-4647-bbe4-6086a5873478','感谢csgo','messages/f5acd788-8370-4843-98ab-3b17ae011799/微信图片_20240319204831-compressed.jpg',1743374466,1743374466,NULL);
INSERT INTO "messages" ("id","user_id","content","image_path","created_at","updated_at","parent_id") VALUES('db91350e-e243-477c-92c7-570ea4e401bb','admin-123456','早餐真好吃😋','messages/db91350e-e243-477c-92c7-570ea4e401bb/1000045936.jpg',1746067012,1746067012,NULL);
INSERT INTO "messages" ("id","user_id","content","image_path","created_at","updated_at","parent_id") VALUES('186599a7-1607-4935-9c43-f2e006c86001','admin-123456','没招了','messages/186599a7-1607-4935-9c43-f2e006c86001/1000175988.jpg',1759861993,1759861993,NULL);
INSERT INTO "messages" ("id","user_id","content","image_path","created_at","updated_at","parent_id") VALUES('119d01f1-bf68-42dc-b70c-94f516d7e9db','07fbd960-25e1-4d44-a9da-12ea09a79b09','太讷了',NULL,1763401985,1763401985,NULL);
INSERT INTO "messages" ("id","user_id","content","image_path","created_at","updated_at","parent_id") VALUES('0f369840-2dc3-4c5e-970e-24d929fc300b','admin-123456','迪迦！！！','messages/0f369840-2dc3-4c5e-970e-24d929fc300b/自己画的迪迦.webp',1764861422,1764861422,NULL);
INSERT INTO "messages" ("id","user_id","content","image_path","created_at","updated_at","parent_id") VALUES('357c1a55-8729-4417-af25-e0af8691dfaf','admin-123456','： ））','messages/357c1a55-8729-4417-af25-e0af8691dfaf/宇智波pdx.webp',1764861618,1764861618,NULL);
INSERT INTO "messages" ("id","user_id","content","image_path","created_at","updated_at","parent_id") VALUES('21052160-4cad-4eea-9587-7545d257fb4e','admin-123456','： ）',NULL,1765064845,1765064845,'119d01f1-bf68-42dc-b70c-94f516d7e9db');
INSERT INTO "messages" ("id","user_id","content","image_path","created_at","updated_at","parent_id") VALUES('b32f08bd-5c26-4c1e-b3a2-9ea4adf3a422','admin-123456','测试回复回复',NULL,1765064922,1765064922,'7d1e2cb5-b58f-4e50-a04c-dc5008fb7688');
INSERT INTO "messages" ("id","user_id","content","image_path","created_at","updated_at","parent_id") VALUES('02fbcb05-61bb-4f2e-93b6-deb99395ba47','admin-123456','测试回复的回复的回复的回复',NULL,1765065137,1765065137,'e42518f8-5774-4ead-a59c-6b1fe2e87558');
INSERT INTO "messages" ("id","user_id","content","image_path","created_at","updated_at","parent_id") VALUES('b6d5eb41-de28-4d89-a09d-aa480a0e7430','admin-123456','蛙趣，第一条评论居然是阳光酱的😁',NULL,1765081610,1765081610,'2a064693-9914-4f6c-afa6-50a493798e5b');
INSERT INTO "messages" ("id","user_id","content","image_path","created_at","updated_at","parent_id") VALUES('4c66c343-ff72-40f5-8c38-4aab9185e5c7','admin-123456','测试新版安卓版本留言功能','messages/4c66c343-ff72-40f5-8c38-4aab9185e5c7/1000197503.jpg',1768856448,1768856448,NULL);
CREATE TABLE tags (
  id TEXT PRIMARY KEY,
  name TEXT NOT NULL UNIQUE,
  created_at INTEGER NOT NULL,
  updated_at INTEGER NOT NULL
);
INSERT INTO "tags" ("id","name","created_at","updated_at") VALUES('dcd484e3-47b7-4558-b4e3-48a2bab562b2','更新日志',1743088773,1743088816);
INSERT INTO "tags" ("id","name","created_at","updated_at") VALUES('d605fc8e-fc49-48f6-a86f-f0bd5920fb56','冒险日记',1743088789,1743088822);
INSERT INTO "tags" ("id","name","created_at","updated_at") VALUES('9890ae14-3e22-4f01-a840-8da28f586bd3','阳光酱的文章',1743089226,1743089519);
INSERT INTO "tags" ("id","name","created_at","updated_at") VALUES('f1972ef7-d52c-4709-af50-e9a926264b4e','带附件',1743101321,1743101321);
INSERT INTO "tags" ("id","name","created_at","updated_at") VALUES('7cd193e6-eef2-4d55-80f1-076fc561bf33','视频',1743101338,1743101338);
INSERT INTO "tags" ("id","name","created_at","updated_at") VALUES('f6448876-884e-4837-bbdf-8fe8cda34c64','博主的文章',1743101384,1743101384);
INSERT INTO "tags" ("id","name","created_at","updated_at") VALUES('5d6a3e9a-421d-4f9b-826b-de8931db4cf2','CS2',1743102622,1743102622);
INSERT INTO "tags" ("id","name","created_at","updated_at") VALUES('7c9cebca-ee1d-4ecb-b91e-6f15efd7af3f','AI锐评我的网易云音乐歌单',1760129849,1760129849);
INSERT INTO "tags" ("id","name","created_at","updated_at") VALUES('4feec848-d96b-43fc-b749-8fee7ec652bb','Ai锐评我的博客网站',1765080410,1765080410);
INSERT INTO "tags" ("id","name","created_at","updated_at") VALUES('26edef5f-8595-400f-86a1-6bc0391ea4b8','android',1769017518,1769017518);
INSERT INTO "tags" ("id","name","created_at","updated_at") VALUES('3ab19965-f13f-4ad0-83d1-27e7518d72bf','Java学习',1779559630,1779559630);
CREATE TABLE post_tags (
  post_id TEXT NOT NULL,
  tag_id TEXT NOT NULL,
  created_at INTEGER NOT NULL,
  PRIMARY KEY (post_id, tag_id),
  FOREIGN KEY (post_id) REFERENCES posts(id) ON DELETE CASCADE,
  FOREIGN KEY (tag_id) REFERENCES tags(id) ON DELETE CASCADE
);
INSERT INTO "post_tags" ("post_id","tag_id","created_at") VALUES('52153f91-1c0d-487f-83a8-b7eaf3429ac9','dcd484e3-47b7-4558-b4e3-48a2bab562b2',1743089023);
INSERT INTO "post_tags" ("post_id","tag_id","created_at") VALUES('3ed57291-0045-46cb-8eae-6aa228c19f72','dcd484e3-47b7-4558-b4e3-48a2bab562b2',1743089043);
INSERT INTO "post_tags" ("post_id","tag_id","created_at") VALUES('b3b29ea7-b438-4828-932e-d95fd5173344','9890ae14-3e22-4f01-a840-8da28f586bd3',1743089244);
INSERT INTO "post_tags" ("post_id","tag_id","created_at") VALUES('3f2850c0-283a-49fa-9436-a78ca68fe673','d605fc8e-fc49-48f6-a86f-f0bd5920fb56',1743101418);
INSERT INTO "post_tags" ("post_id","tag_id","created_at") VALUES('3f2850c0-283a-49fa-9436-a78ca68fe673','f6448876-884e-4837-bbdf-8fe8cda34c64',1743101418);
INSERT INTO "post_tags" ("post_id","tag_id","created_at") VALUES('3f2850c0-283a-49fa-9436-a78ca68fe673','7cd193e6-eef2-4d55-80f1-076fc561bf33',1743101418);
INSERT INTO "post_tags" ("post_id","tag_id","created_at") VALUES('b3aa3c8e-608c-4c65-90e5-9f2d37d7efde','f6448876-884e-4837-bbdf-8fe8cda34c64',1743101428);
INSERT INTO "post_tags" ("post_id","tag_id","created_at") VALUES('db7bbf7e-3152-4ebe-9bc0-025406064a60','f6448876-884e-4837-bbdf-8fe8cda34c64',1743101437);
INSERT INTO "post_tags" ("post_id","tag_id","created_at") VALUES('e502ce05-63ad-4abf-bed0-6ad1371fc489','f1972ef7-d52c-4709-af50-e9a926264b4e',1746067088);
INSERT INTO "post_tags" ("post_id","tag_id","created_at") VALUES('e502ce05-63ad-4abf-bed0-6ad1371fc489','dcd484e3-47b7-4558-b4e3-48a2bab562b2',1746067088);
INSERT INTO "post_tags" ("post_id","tag_id","created_at") VALUES('aaa2fad5-e6da-4cf3-82e7-f814932893cc','5d6a3e9a-421d-4f9b-826b-de8931db4cf2',1746067098);
INSERT INTO "post_tags" ("post_id","tag_id","created_at") VALUES('aaa2fad5-e6da-4cf3-82e7-f814932893cc','f1972ef7-d52c-4709-af50-e9a926264b4e',1746067098);
INSERT INTO "post_tags" ("post_id","tag_id","created_at") VALUES('392f8619-c61a-44b4-a80f-189b7af3f777','dcd484e3-47b7-4558-b4e3-48a2bab562b2',1750360859);
INSERT INTO "post_tags" ("post_id","tag_id","created_at") VALUES('55d7f61e-be70-49a3-9c1b-0110ddf8ce96','f6448876-884e-4837-bbdf-8fe8cda34c64',1752157805);
INSERT INTO "post_tags" ("post_id","tag_id","created_at") VALUES('35bd8f47-e0b4-4235-b1ae-d8ff98759665','dcd484e3-47b7-4558-b4e3-48a2bab562b2',1752159284);
INSERT INTO "post_tags" ("post_id","tag_id","created_at") VALUES('9da7258c-4d97-41bc-9e8a-69f2b858becc','dcd484e3-47b7-4558-b4e3-48a2bab562b2',1752261909);
INSERT INTO "post_tags" ("post_id","tag_id","created_at") VALUES('6a805ebe-5f33-4042-8b00-c3e0aa146106','f6448876-884e-4837-bbdf-8fe8cda34c64',1752265498);
INSERT INTO "post_tags" ("post_id","tag_id","created_at") VALUES('6a805ebe-5f33-4042-8b00-c3e0aa146106','dcd484e3-47b7-4558-b4e3-48a2bab562b2',1752265498);
INSERT INTO "post_tags" ("post_id","tag_id","created_at") VALUES('eb8a8f01-3345-4979-9118-7aaa03ef5015','7c9cebca-ee1d-4ecb-b91e-6f15efd7af3f',1760129858);
INSERT INTO "post_tags" ("post_id","tag_id","created_at") VALUES('eb8a8f01-3345-4979-9118-7aaa03ef5015','f6448876-884e-4837-bbdf-8fe8cda34c64',1760129858);
INSERT INTO "post_tags" ("post_id","tag_id","created_at") VALUES('42a9de6c-0135-4f0f-a25c-5bf9bc890a1b','7c9cebca-ee1d-4ecb-b91e-6f15efd7af3f',1760129871);
INSERT INTO "post_tags" ("post_id","tag_id","created_at") VALUES('42a9de6c-0135-4f0f-a25c-5bf9bc890a1b','f6448876-884e-4837-bbdf-8fe8cda34c64',1760129871);
INSERT INTO "post_tags" ("post_id","tag_id","created_at") VALUES('42a9de6c-0135-4f0f-a25c-5bf9bc890a1b','f1972ef7-d52c-4709-af50-e9a926264b4e',1760129871);
INSERT INTO "post_tags" ("post_id","tag_id","created_at") VALUES('42a9de6c-0135-4f0f-a25c-5bf9bc890a1b','7cd193e6-eef2-4d55-80f1-076fc561bf33',1760129871);
INSERT INTO "post_tags" ("post_id","tag_id","created_at") VALUES('48aa8398-3640-4bae-83f2-cdf780bdcf01','7c9cebca-ee1d-4ecb-b91e-6f15efd7af3f',1760129889);
INSERT INTO "post_tags" ("post_id","tag_id","created_at") VALUES('97f771e3-71d9-4f85-bc82-54104b8a6668','f1972ef7-d52c-4709-af50-e9a926264b4e',1760841272);
INSERT INTO "post_tags" ("post_id","tag_id","created_at") VALUES('7c0a03da-ea3d-487a-b05c-d45f2bae42ec','dcd484e3-47b7-4558-b4e3-48a2bab562b2',1763063083);
INSERT INTO "post_tags" ("post_id","tag_id","created_at") VALUES('95d8cbff-b1c9-4dbc-a779-09f89d8b3e3e','dcd484e3-47b7-4558-b4e3-48a2bab562b2',1763383566);
INSERT INTO "post_tags" ("post_id","tag_id","created_at") VALUES('59e9b43f-ecdd-4634-9722-d656f40ebdb0','dcd484e3-47b7-4558-b4e3-48a2bab562b2',1764723318);
INSERT INTO "post_tags" ("post_id","tag_id","created_at") VALUES('5857d487-2c06-4770-88fd-bf09ee3abf50','f6448876-884e-4837-bbdf-8fe8cda34c64',1764868855);
INSERT INTO "post_tags" ("post_id","tag_id","created_at") VALUES('0ad63e44-d642-4206-804d-2b99485ce209','dcd484e3-47b7-4558-b4e3-48a2bab562b2',1764888847);
INSERT INTO "post_tags" ("post_id","tag_id","created_at") VALUES('00c3f60e-1b38-4944-9233-b4107dd7f375','dcd484e3-47b7-4558-b4e3-48a2bab562b2',1764895304);
INSERT INTO "post_tags" ("post_id","tag_id","created_at") VALUES('a32118cb-ba22-44d3-9e72-b9146d353c4c','dcd484e3-47b7-4558-b4e3-48a2bab562b2',1764953650);
INSERT INTO "post_tags" ("post_id","tag_id","created_at") VALUES('7aba118a-527e-4992-b72e-34991735e9f1','dcd484e3-47b7-4558-b4e3-48a2bab562b2',1765068218);
INSERT INTO "post_tags" ("post_id","tag_id","created_at") VALUES('f824b331-66ac-4503-9763-15e1d748892a','4feec848-d96b-43fc-b749-8fee7ec652bb',1765080421);
INSERT INTO "post_tags" ("post_id","tag_id","created_at") VALUES('d699e0e8-fc56-4192-8239-24f18a47ed48','dcd484e3-47b7-4558-b4e3-48a2bab562b2',1768952261);
INSERT INTO "post_tags" ("post_id","tag_id","created_at") VALUES('7dc0bcb3-7cec-49cb-a0a5-f5e4395effb9','dcd484e3-47b7-4558-b4e3-48a2bab562b2',1769017482);
INSERT INTO "post_tags" ("post_id","tag_id","created_at") VALUES('d699e0e8-fc56-4192-8239-24f18a47ed48','26edef5f-8595-400f-86a1-6bc0391ea4b8',1769017528);
INSERT INTO "post_tags" ("post_id","tag_id","created_at") VALUES('7dc0bcb3-7cec-49cb-a0a5-f5e4395effb9','26edef5f-8595-400f-86a1-6bc0391ea4b8',1769017536);
INSERT INTO "post_tags" ("post_id","tag_id","created_at") VALUES('c1054228-5f6f-45d2-b5b3-68c9f53560e0','f6448876-884e-4837-bbdf-8fe8cda34c64',1775182428);
INSERT INTO "post_tags" ("post_id","tag_id","created_at") VALUES('99b15cbb-9d93-4597-ad5f-970948e2a53a','dcd484e3-47b7-4558-b4e3-48a2bab562b2',1777561716);
INSERT INTO "post_tags" ("post_id","tag_id","created_at") VALUES('99b15cbb-9d93-4597-ad5f-970948e2a53a','f6448876-884e-4837-bbdf-8fe8cda34c64',1777561717);
INSERT INTO "post_tags" ("post_id","tag_id","created_at") VALUES('c06fede0-d695-4ecd-aefd-1d11c675462a','3ab19965-f13f-4ad0-83d1-27e7518d72bf',1779559649);
CREATE TABLE auth_codes (
  code TEXT PRIMARY KEY,
  client_id TEXT NOT NULL,
  user_id INTEGER NOT NULL,
  redirect_uri TEXT,
  state TEXT,
  expires_at INTEGER NOT NULL,
  created_at INTEGER NOT NULL
);
INSERT INTO "auth_codes" ("code","client_id","user_id","redirect_uri","state","expires_at","created_at") VALUES('Xy5eqKBwetNrUjN0AeOTV1sBKeuxAgp7','test_oauth_key','admin-123456','http://127.0.0.1:8787/oauth/callback','2bba7ce62cdf5d07ee6f0a7b8cbfcad5',1762179414,1762179114);
INSERT INTO "auth_codes" ("code","client_id","user_id","redirect_uri","state","expires_at","created_at") VALUES('CBVAN1drf7abcLSPm4UzALbZzeGoVTEq','test_oauth_key','admin-123456','https://gameapi.szhaovo.cn/oauth/callback','862bae13a4212458b87b901107ae3c4e',1762181191,1762180891);
INSERT INTO "auth_codes" ("code","client_id","user_id","redirect_uri","state","expires_at","created_at") VALUES('884cbo6sTkS7TI1h65wvDEpAMSJikCAT','test_oauth_key','668832ba-5749-4822-ad09-b05b10de4393','https://gameapi.szhaovo.cn/oauth/callback','252ea9ac086db74d1e6698dbed919543',1762189428,1762189128);
INSERT INTO "auth_codes" ("code","client_id","user_id","redirect_uri","state","expires_at","created_at") VALUES('PYnbaVdrze9dGZpBcDvaBEpT6fPEKRiF','test_oauth_key','668832ba-5749-4822-ad09-b05b10de4393','https://gameapi.szhaovo.cn/oauth/callback','252ea9ac086db74d1e6698dbed919543',1762189428,1762189128);
INSERT INTO "auth_codes" ("code","client_id","user_id","redirect_uri","state","expires_at","created_at") VALUES('eEcdpDFwdSKyd4FrhjZ8zJv6qLh9xaSs','test_oauth_key','668832ba-5749-4822-ad09-b05b10de4393','https://gameapi.szhaovo.cn/oauth/callback','252ea9ac086db74d1e6698dbed919543',1762189428,1762189128);
INSERT INTO "auth_codes" ("code","client_id","user_id","redirect_uri","state","expires_at","created_at") VALUES('Y5QAL9L0G0PzQkfwjGFP34dTtExOsyUD','test_oauth_key','668832ba-5749-4822-ad09-b05b10de4393','https://gameapi.szhaovo.cn/oauth/callback','252ea9ac086db74d1e6698dbed919543',1762189428,1762189128);
INSERT INTO "auth_codes" ("code","client_id","user_id","redirect_uri","state","expires_at","created_at") VALUES('3EJvqfRUBBP0MfEKmV4RV4rVOYQwMVNl','test_oauth_key','668832ba-5749-4822-ad09-b05b10de4393','https://gameapi.szhaovo.cn/oauth/callback','252ea9ac086db74d1e6698dbed919543',1762189428,1762189128);
INSERT INTO "auth_codes" ("code","client_id","user_id","redirect_uri","state","expires_at","created_at") VALUES('f0vlDn0eqeRIjVCr10UqWaaG8a0VXUux','test_oauth_key','668832ba-5749-4822-ad09-b05b10de4393','https://gameapi.szhaovo.cn/oauth/callback','252ea9ac086db74d1e6698dbed919543',1762189430,1762189130);
INSERT INTO "auth_codes" ("code","client_id","user_id","redirect_uri","state","expires_at","created_at") VALUES('Pso6zCy6tSyi8MF1niIgeyqRMMCTJ1Jn','test_oauth_key','668832ba-5749-4822-ad09-b05b10de4393','https://gameapi.szhaovo.cn/oauth/callback','252ea9ac086db74d1e6698dbed919543',1762189433,1762189133);
INSERT INTO "auth_codes" ("code","client_id","user_id","redirect_uri","state","expires_at","created_at") VALUES('JtnxPWS0woKrVQZPoDzmU8Jkb9JkRHhs','test_oauth_key','668832ba-5749-4822-ad09-b05b10de4393','https://gameapi.szhaovo.cn/oauth/callback','252ea9ac086db74d1e6698dbed919543',1762189433,1762189133);
INSERT INTO "auth_codes" ("code","client_id","user_id","redirect_uri","state","expires_at","created_at") VALUES('9iCR7iLYvuWSRdMwDZtDUfZ5HQBOAtPB','test_oauth_key','668832ba-5749-4822-ad09-b05b10de4393','https://gameapi.szhaovo.cn/oauth/callback','252ea9ac086db74d1e6698dbed919543',1762189434,1762189134);
INSERT INTO "auth_codes" ("code","client_id","user_id","redirect_uri","state","expires_at","created_at") VALUES('zVpQ089XKvts5EgV8zQ2wLB9tRhBkXWp','test_oauth_key','668832ba-5749-4822-ad09-b05b10de4393','https://gameapi.szhaovo.cn/oauth/callback','252ea9ac086db74d1e6698dbed919543',1762189434,1762189134);
INSERT INTO "auth_codes" ("code","client_id","user_id","redirect_uri","state","expires_at","created_at") VALUES('m6hhzC2dbk3oLu3EOD0TrosiRi4wmPAM','test_oauth_key','668832ba-5749-4822-ad09-b05b10de4393','https://gameapi.szhaovo.cn/oauth/callback','252ea9ac086db74d1e6698dbed919543',1762189434,1762189134);
INSERT INTO "auth_codes" ("code","client_id","user_id","redirect_uri","state","expires_at","created_at") VALUES('5RPEVt2RfTcAJwbofC6EX9KZ625JZwoW','test_oauth_key','668832ba-5749-4822-ad09-b05b10de4393','https://gameapi.szhaovo.cn/oauth/callback','252ea9ac086db74d1e6698dbed919543',1762189434,1762189134);
INSERT INTO "auth_codes" ("code","client_id","user_id","redirect_uri","state","expires_at","created_at") VALUES('1mvvdeB9ZXGAj9Hyabsmr0oCaHIBxAcO','test_oauth_key','668832ba-5749-4822-ad09-b05b10de4393','https://gameapi.szhaovo.cn/oauth/callback','252ea9ac086db74d1e6698dbed919543',1762189434,1762189134);
INSERT INTO "auth_codes" ("code","client_id","user_id","redirect_uri","state","expires_at","created_at") VALUES('oA4phq6KQzrKpSfb9axP0CADB57ZWul9','test_oauth_key','admin-123456','https://gameapi.szhaovo.cn/oauth/callback','cb300ad028a97a82dda61ff1c65105a8',1762353199,1762352899);
DELETE FROM sqlite_sequence;
INSERT INTO "sqlite_sequence" ("name","seq") VALUES('d1_migrations',3);
CREATE INDEX idx_posts_user_id ON posts(user_id);
CREATE INDEX idx_comments_post_id ON comments(post_id);
CREATE INDEX idx_comments_user_id ON comments(user_id);
CREATE INDEX idx_files_user_id ON files(user_id);
CREATE INDEX idx_files_post_id ON files(post_id);
CREATE INDEX idx_messages_user_id ON messages(user_id);
CREATE INDEX idx_messages_created_at ON messages(created_at);
CREATE INDEX idx_tags_name ON tags(name);
CREATE INDEX idx_post_tags_tag_id ON post_tags(tag_id);
